,V1,V2,V3,V4,Class
300,0.5315751898405556,0.3486624732924972,0.4246623731880156,0.6873619029433427,1
949,0.2831418702089148,0.19248859669145024,0.6774678527580934,0.8656109913891087,2
879,0.4668188275678054,0.5684067547998668,0.16632132164473262,0.6750138665357301,2
651,0.7210840202208137,0.3434762597896328,0.48217201197578996,0.8292788492139266,1
431,0.6022110204876361,0.6995738025122826,0.31392939453335345,0.7972976167744165,1
373,0.6456093286891809,0.8473097920650186,0.12697352833480519,0.7085263282322668,1
299,0.6731785763220332,0.8535811440352932,0.08806944235035649,0.6591469125362576,1
376,0.7407856117805711,0.8086713789116435,0.07544316884571478,0.6667848732007602,1
1326,0.4144978329691568,0.6154082178658694,0.1914941736489543,0.5924784273075279,2
1119,0.40417108365965004,0.4456813359925462,0.40115019277575553,0.8273975467597771,2
384,0.5473371842300732,0.9036022855261239,0.16122514915889463,0.3987106394973495,1
251,0.5492727285838941,0.8936901069048484,0.15484093307773497,0.37789719668657995,1
176,0.5215953096943081,0.8569899755656751,0.06724966075774874,0.24785182356310864,1
108,0.7318218203059084,0.8723951999461173,0.044478428500656975,0.4132864144321085,1
1044,0.4003562440055096,0.43236406769767294,0.29687466345014757,0.8585558798657902,2
918,0.6803106678493391,0.6858673811118553,0.012807202705322346,0.5136983187393728,2
793,0.34298220943397595,0.3114983517120866,0.47773924655911437,0.8574983860261691,2
104,0.8109094318124456,0.5238865169674496,0.26911840093049305,0.8657282886421707,1
585,0.8207962846779022,0.3169165603355697,0.39487367264738193,0.7132291297271248,1
624,0.843613208431589,0.8012400513382751,0.12328171107329788,0.6646662483973922,1
840,0.34500140622633757,0.16639288747862468,0.6314773730803197,0.6991198159615193,2
633,0.8272649258305751,0.42740984931542736,0.3011566545329227,0.8599670840266601,1
564,0.653455350510929,0.5461861124727312,0.4274667757985655,0.9064077034288988,1
1005,0.2987762225154866,0.49275988130830284,0.3399142740215823,0.9025341662347581,2
729,0.438661128298322,0.518776225738736,0.4956813922932777,0.6424434199878156,1
1042,0.1352861850882317,0.816338443462415,0.22962349494905984,0.3682497249424879,2
735,0.76281649106866,0.766395880964052,0.19245395998018397,0.8208134428107695,1
906,0.2976512414454565,0.6670533252010313,0.20803024102354237,0.410585849768588,2
244,0.6829788921821028,0.866434422088929,0.08781097206366986,0.6450348709275576,1
418,0.41714442305057375,0.5748352647550767,0.529601309582786,0.8158751375287561,1
267,0.7854459179773419,0.8818433883261552,0.04890688607922114,0.3718959418787565,1
109,0.7181417620376581,0.9206352176076813,0.08367544747668385,0.40246597015739655,1
399,0.7219782359431453,0.7257443488607918,0.23958946302797943,0.6721950953381162,1
654,0.7611506537149617,0.6241566790272669,0.2732892497899929,0.814346636114824,1
849,0.4638635888338418,0.3656205682383713,0.3072867081655072,0.8319830510015731,2
313,0.6612508924128682,0.7097179762541769,0.15030047170827324,0.6703128836029352,1
362,0.6336888561971314,0.6950835743712745,0.31765567449975235,0.83421715449594,1
392,0.5703841521897469,0.7235778137827553,0.29993753634738407,0.7620238777198869,1
898,0.1299136793371266,0.7632976235467563,0.219140586296767,0.15344117406366786,2
1081,0.13868276254966871,0.7641507668935479,0.22556327137226187,0.1843658219445884,2
9,0.6185737259228812,0.8587673575381576,0.12985116419324966,0.7104076306864162,1
216,0.603271098803626,0.6387162437744858,0.23789174402825944,0.7663747874555589,1
591,0.6179391212167104,0.306308396352438,0.6006203286880479,0.6206934177146131,1
157,0.7925347410019544,0.3742156132716177,0.35191160316195325,0.7790731698446038,1
972,0.60531914126445,0.5550146493693101,0.12675382859112155,0.813641034034389,2
147,0.6340061585502168,0.5087877506576314,0.4509789562108256,0.8947689062258473,1
814,0.4172021143874984,0.4602409007397651,0.3514291252934715,0.8178737372359676,2
65,0.6907672226669264,0.6126205345616602,0.317914144786439,0.7955345208543605,1
190,0.5748797496195979,0.3732876327891427,0.4277252460852522,0.7503841712358038,1
372,0.5614210818567957,0.933335079533166,0.16816507635643055,0.4069396328323195,1
529,0.40770467804628296,0.9831990630390612,0.25749154586770634,0.0908826390972658,1
243,0.7079087611506538,0.7719712475724705,0.18174768992181278,0.7841290451639888,1
737,0.8074118945113906,0.7876122089303155,0.1210287117410128,0.6672576993371342,1
696,0.6264630162473228,0.8095245222584351,0.1899808301204041,0.45384944124680615,1
7,0.6587124735881849,0.26054922973878103,0.5923148168091843,0.7225183447448102,1
905,0.5615754061830691,0.6514123638431863,0.03798220862859977,0.40070196495630905,2
112,0.7411317598021188,0.8763466007102044,0.08954703082258172,0.5413313692863053,1
1039,0.5813483907722707,0.5566386152136413,0.1286363538458225,0.8312783582021696,2
201,0.7964793861641752,0.3808761183474464,0.38095935554741855,0.8016485265100884,1
1355,0.06338114502880965,0.8412704352153626,0.21840265362827668,0.4467934204424561,2
1179,0.27145937448167945,0.5828091615621503,0.23549227820018526,0.5596715676914263,2
164,0.8601201422091457,0.5752206760038466,0.22770409460012495,0.9264027933113288,1
777,0.3764792419358329,0.6183493172982297,0.1965877614319254,0.5633177846276949,2
510,0.7657875949202779,0.6051892069882917,0.3091692334202081,0.8438591705538431,1
507,0.8396613518522527,0.7259015068457271,0.13623968811252074,0.7948289187739255,1
1124,0.3809935890501843,0.27355592392056793,0.5929049906304521,0.8063513280049465,2
305,0.5819974183126727,0.8808368288512125,0.16875525017769835,0.6149376687852914,1
1023,0.3800993733278527,0.11250266607295872,0.6679087599887997,0.6859525173445357,2
1239,0.3314583648832833,0.576305814471257,0.18957460098649495,0.6426798330560026,2
37,0.7695303204032625,0.5457992044812477,0.29783531134899954,0.8478563699682661,1
553,0.7290237904650644,0.35029018099361264,0.3924397441144162,0.7029997181228802,1
1243,0.14238943094707546,0.32125337234842677,0.6768776789368256,0.6984142138810843,2
436,0.5352241669010378,0.5419293761950555,0.2603355805888815,0.7368631622975713,1
344,0.7673164153487804,0.7821902584500481,0.17156396062635967,0.7965920146939814,1
90,0.6146074465093136,0.8011614723458074,0.10763133521442267,0.6832428598707002,1
478,0.3796089969639934,0.5473475848185386,0.5348784112693046,0.7797786809969357,1
326,0.49621905400630284,0.27355592392056793,0.5877355848967196,0.6389154095856406,1
62,0.8149406139800534,0.9380573027947929,0.0513408146121869,0.38212535348300103,1
57,0.9266021965976536,0.7028254760577294,0.13128998212247187,0.817169044436564,1
292,0.8060200910080841,0.7443301515077811,0.12306201132961427,0.7594378824663339,1
1282,0.36372945647549204,0.26813771529708474,0.435587050638637,0.7390963565109069,2
462,0.8638051763552057,0.799922917750246,0.1267882912960131,0.6997081207888922,1
387,0.842163713591358,0.41579512585735295,0.34987830357335176,0.8863034998226902,1
807,0.19823464509010674,0.6404187886112847,0.26099812609042156,0.6865390036098458,2
21,0.5315751898405556,0.3486624732924972,0.4246623731880156,0.6873619029433427,1
1164,0.0508909705846296,0.8627935954379282,0.22833157429943784,0.1603789883339244,2
767,0.3433860487924483,0.5039098661537829,0.28521334568246925,0.9024159597006647,2
764,0.3875704014595909,0.24769595168514524,0.5677299847071747,0.8652581903488912,2
208,0.659700437733019,0.799922917750246,0.2071445495078295,0.609409240113842,1
114,0.6363354462785483,0.7742163616429745,0.17281754151678982,0.6339780135846587,1
858,0.5265437841190173,0.7028254760577294,0.010627436620931824,0.19658655900779254,2
628,0.7620448694372932,0.5423147874438254,0.30063971395954947,0.8358638624439656,1
611,0.7832897042597842,0.8519534363341779,0.03890408598444872,0.410585849768588,1
1336,0.35967664005653754,0.10870842329380687,0.6366424709759407,0.6489175009320131,2
52,0.7346486958152147,0.7333328344190955,0.20555754194757364,0.6413886539912891,1
151,0.38092147487902855,0.9614401658390926,0.34297714691881886,0.4750175036598562,1
41,0.49296526260375434,0.8603950652392731,0.06813707540870614,0.1580239504623694,1
1125,0.24833235979202278,0.0042582330203894125,0.9861201456049282,0.5506151286178019,2
569,0.6393570300499752,0.26186636332681007,0.5890279363301527,0.7280440455731653,1
620,0.7575377337400574,0.348894468413116,0.3803304111831478,0.7913009083717505,1
315,0.5315751898405556,0.3486624732924972,0.4246623731880156,0.6873619029433427,1
1143,0.33028290389344417,0.6188133075394673,0.20075904107523643,0.5174627422097348,2
542,0.7114279327030556,0.9214097819620052,0.09216619639433954,0.41552324576957,1
1099,0.45600819216984334,0.3015075940983435,0.39269821440110286,0.870318339289124,2
558,0.8240269995456808,0.33278951681403346,0.3727270769164495,0.7746052356401794,1
219,0.4140867821935689,0.8995760476263531,0.10050617097809467,0.24408740009274665,1
1242,0.2478419834281635,0.291831152454471,0.662446421263489,0.7019413150022278,2
1305,0.2269288737929891,0.6665107559673261,0.2147112671505805,0.5787210053011084,2
810,0.4614470429584118,0.6079731484357168,0.10084218235078729,0.6838338925411677,2
839,0.4111012555077199,0.437628860193005,0.34873672647381915,0.8324540585758841,2
856,0.5253308237601771,0.5368172514565178,0.1441359553707972,0.817286341689626,2
291,0.34808068133468917,0.9629892945477405,0.23109992030499496,0.06936904989225012,1
715,0.7596290447035747,0.836080479855714,0.09707713184138542,0.7234585413313693,1
934,0.3911833214344952,0.5562532039648714,0.2124229435457816,0.7227529392509343,2
560,0.7995081813527177,0.933488495661317,0.03997242983608679,0.3462633096010984,1
984,0.45753917602348043,0.44924358365107936,0.212865789303638,0.7660219864153414,2
1312,0.5481751508989032,0.5037549532829181,0.23560298963964937,0.8178737372359676,2
706,0.766213068530097,0.569338477139126,0.27173842806987314,0.9046436982278113,1
345,0.3738182290201848,0.8104525027409102,0.15602128072027055,0.610109386508088,1
599,0.7911862060013415,0.4062721003416315,0.3230447799771685,0.805292924884294,1
948,0.25603415327145945,0.0598509992628542,0.8467055808042734,0.7212244378370023,2
650,0.5230397565425583,0.8684475410388143,0.22364387102332697,0.608236267583222,1
692,0.794640474799703,0.9326353523145255,0.05853921209640944,0.3822435600170945,1
580,0.8472910311605335,0.8257828899856687,0.11741443556551145,0.6417432735935695,1
4,0.5315780744074019,0.3486624732924972,0.4246623731880156,0.6873619029433427,1
974,0.14509371236541696,0.7961286749710941,0.22194585047493917,0.09500168216990823,2
301,0.7221513099539192,0.7711966832181465,0.2160768518319082,0.8420951653527556,1
298,0.5902617023271244,0.5465733946498932,0.46271781506450993,0.7254571410385808,1
925,0.6334941479350108,0.6531934876724528,0.05484739483490211,0.6208116242487065,2
273,0.7021540502924231,0.7697261335019663,0.2103556120360997,0.818109241023123,1
876,0.2488299475729976,0.2823081269387495,0.6687918668016456,0.6723133018722096,2
1094,0.6533399678370797,0.5826557454339992,0.10028647123441103,0.7963574201878575,2
27,0.4802774953306075,0.8293451376442018,0.3208693217308894,0.4371550415086791,1
1193,0.2368806294124859,0.20510987962446725,0.671561806707304,0.8118779381143331,2
802,0.551139764475117,0.5876885428087125,0.08604045059986648,0.7477972667012194,2
1078,0.4811435865261883,0.30754695094799944,0.43341159239235794,0.9179373869081717,2
825,0.3467321463340762,0.252264758818621,0.5505287871281798,0.8330414541222255,2
866,0.20921763335713106,0.6449090167522928,0.20710750210007112,0.42375223910454,2
175,0.7662202799472125,0.3732876327891427,0.375867490899692,0.7659046891622794,1
1323,0.5060097065674376,0.5088652070930637,0.22283197277446318,0.8881857115578712,2
567,0.8699493037376775,0.8175769980579763,0.09626295043832256,0.6212844503850805,1
1185,0.3447345837930612,0.3379008931812144,0.5012169642664829,0.7874210062103895,2
1118,0.36801303824214504,0.5741392793932205,0.22969733129428999,0.6752502796039171,2
166,0.588357888208612,0.8390253211448585,0.18625282701876067,0.6125826309137365,1
368,0.7601266324845497,0.6337582835354559,0.2374855148943503,0.7622593815070424,1
463,0.3675154504611702,0.9352696194905836,0.30990587373726497,0.46443347245333116,1
1028,0.31122312845697314,0.6620991068187856,0.20651689749499216,0.4465570073742692,2
285,0.6358162242462267,0.2746410623879782,0.5788054364916967,0.6955927148403758,1
1083,0.45744254303413173,0.3890034312826711,0.40524694681973855,0.9140547569037163,2
54,0.863098457477879,0.7210221255991649,0.12099424903612126,0.7312183456540913,1
117,0.6598518774924461,0.7696475545094987,0.2203588429146833,0.821871845931422,1
1151,0.3409485898073831,0.48974020288347486,0.3131539836732936,0.7365094519763223,2
173,0.42711781292141726,0.9167623958360618,0.317914144786439,0.26349145730470913,1
123,0.3991230916787458,0.5873031315599427,0.5355805888814699,0.8583212853596661,1
732,0.312095709927958,0.9439432435162977,0.3185775518556013,0.41693263136837705,1
10,0.5961534301105511,0.843826123398953,0.13236263381222135,0.7039408239904708,1
541,0.7722562360729508,0.6763443555961339,0.25180735347965627,0.8079971266719405,1
239,0.6805630674483844,0.8711566453505559,0.09080061171301185,0.5037053202033153,1
548,0.6414843980990705,0.7453367109827239,0.2715531910310811,0.591769188102967,1
162,0.5203441288247554,0.8098350963715215,0.23929437611734555,0.43280867817816454,1
395,0.5988144430261991,0.6811451578502284,0.17027160919292655,0.6179928530510925,1
1014,0.5181684442809857,0.4746395656452645,0.2709630172098133,0.8216363421442665,2
223,0.8429064895542624,0.9094844843908445,0.030193637323109396,0.3948280094928939,1
1049,0.22230635542190402,0.6661253447185562,0.21227518469855905,0.42304299989997907,2
671,0.5452963531863647,0.3932616643030605,0.3608072888620846,0.6877147039835602,1
100,0.7506364075604498,0.32133195134089443,0.386826631055205,0.6733680678687362,1
933,0.500455040419993,0.5834303097883232,0.13221616731643226,0.7256926448257363,2
854,0.322112368301495,0.3036778710331641,0.4906239903504427,0.8365694645244006,2
595,0.7374178799875964,0.7859845012291999,0.18156676072113212,0.5416859888885858,1
338,0.5773633616742027,0.725512353740173,0.32308355052017146,0.7659046891622794,1
369,0.6661113875487673,0.5669362050836867,0.277610011415771,0.8552642825318021,1
565,0.6210616648277554,0.8114590622158527,0.2402171150408168,0.577657146494267,1
1330,0.42847355933914577,0.24405512503414445,0.48678570659314624,0.8108195349936805,2
1207,0.23430615350222478,0.03979838875646874,0.77893467163504,0.5203997199414423,2
426,0.39806301336275596,0.9210206288564511,0.34759084153617514,0.404702801494858,1
144,0.7853377467206082,0.8953140727491796,0.061602084993645945,0.39330041735999344,1
841,0.22761395841896898,0.03468701238928784,0.77893467163504,0.4921847295343572,2
590,0.8420988108373177,0.40278843167556605,0.34305038016671335,0.8874764723533103,1
962,0.3774816289148981,0.18559609649500275,0.6028690201822217,0.7575565800121844,2
1357,0.32106671281973626,0.5007352748580901,0.2679742391280936,0.8163452358220356,2
195,0.3738182290201848,0.8104525027409102,0.15602128072027055,0.610109386508088,1
79,0.5894468121930642,0.6637230726631169,0.3740926615977772,0.8539703756239941,1
469,0.5211619035256619,0.7588859743982159,0.3144463351067267,0.6979441155878048,1
490,0.6471669947861455,0.7414638892111043,0.2389251943911948,0.590596215572347,1
883,0.2655027439442126,0.503135301799459,0.31957697029745624,0.8319830510015731,2
875,0.37349371524998387,0.4836233895983865,0.3370366381631379,0.7861279176555098,2
1056,0.3559699716591308,0.5595797146460016,0.20474551446356648,0.7020595215363212,2
1356,0.2137103462201358,0.6247778272534397,0.2652060223576798,0.7178146339689208,2
393,0.7806503255954829,0.891523571826812,0.06027527085532128,0.43750966111095957,1
277,0.6061845113183193,0.336662338585653,0.590359058306589,0.6059994362457605,1
1348,0.29303593449148696,0.6030975090459388,0.2504047213905702,0.7407430644589323,2
91,0.8008495049362152,0.6494778238857686,0.2589678419884981,0.8131709357411095,1
170,0.5489835507575594,0.5144416962585174,0.2812242875912724,0.7261609245569528,1
272,0.8256567798138013,0.5127367192148088,0.3156654532922653,0.8801931312910881,1
75,0.6741737518839828,0.647696700056502,0.2525086695241993,0.8154050392354765,1
1266,0.4041566608254189,0.46178628759162876,0.31880155943739635,0.8155223364885386,2
324,0.7620881379399866,0.5633739574251535,0.3107545178452194,0.9408603617119944,1
1020,0.15886030763905418,0.7651573263684905,0.21725806104206608,0.17919201287541942,2
1302,0.3223287108149623,0.4795967775129375,0.3443427316001465,0.7621420842539803,2
56,0.6926998824539011,0.7689515691476425,0.2010170805781119,0.8123480364076126,1
707,0.8431661005704232,0.33464921963576766,0.3765653606737459,0.7543813706502269,1
87,0.5710093820536675,0.770343539871355,0.2639877657397635,0.7616719859607008,1
107,0.3738182290201848,0.8104525027409102,0.15602128072027055,0.610109386508088,1
536,0.7072957906958297,0.5401467556230753,0.40646606500527716,0.7514425743564563,1
236,0.41211085390390073,0.8707712341017859,0.3328623430331489,0.29818052865599165,1
498,0.5489835507575594,0.5144416962585174,0.2812242875912724,0.7261609245569528,1
674,0.6070210357037262,0.847620366178105,0.14528184030844124,0.7283968466133828,1
663,0.7804123488306688,0.39148054047379394,0.3418355698192862,0.7833060549023887,1
1343,0.438661128298322,0.2641863145329976,0.4424925151312814,0.8071742273384435,2
357,0.7389683346674456,0.8404958708610386,0.10264716651948222,0.7061749274848378,1
269,0.8636609480128941,0.6055746182370616,0.2201374200357551,0.9249843149022068,1
461,0.7310141415889637,0.8421235785621541,0.10275917031037976,0.6893605026505543,1
74,0.8256351455624547,0.9235014799043582,0.030525340857690597,0.37472380588668536,1
59,0.45137774123993113,0.940455832993448,0.2115002046223103,0.13627394818916683,1
404,0.5352241669010378,0.5419293761950555,0.2603355805888815,0.7368631622975713,1
286,0.6046052109700079,0.34990102788805866,0.5762207336248304,0.6195204451839931,1
492,0.37506580418117974,0.9206352176076813,0.34700066771490734,0.49629467979668473,1
571,0.6702146838875308,0.32295591718522565,0.41259181079975016,0.6637296889349591,1
1167,0.44446559793465024,0.4325960628182917,0.22548943502703173,0.7863630577302527,2
1203,0.021879439528661837,0.7768468869622485,0.2569379886703858,0.08724551497131217,2
1332,0.5730314634128754,0.6415001852219109,0.03391991728950827,0.44115587804722806,2
1313,0.3991014574273991,0.24149943685055403,0.5679539922889698,0.8890131572965256,2
1060,0.15861511945712453,0.3285312837936441,0.6759558015809767,0.7289851514407558,2
11,0.7955635361904969,0.414092581020554,0.33087212182566184,0.8557343808250816,1
680,0.7563766955844494,0.6257843867283823,0.2719624356516682,0.8269274484664976,1
227,0.3168840908927014,0.894696666379791,0.17037930514571265,0.27983123744055577,1
1265,0.324210890682128,0.6317451645855707,0.19186335537510502,0.5012320757976667,2
1097,0.3209224844774247,0.4758818620976101,0.39550261701165274,0.8479745765023596,2
26,0.5902761251613555,0.37537558887471145,0.46799491675102856,0.7194613419169463,1
824,0.4768693796017856,0.5098717665680064,0.22962349494905984,0.7630822808405394,2
929,0.22534957344467765,0.6150976437527831,0.2616994421349646,0.7061749274848378,2
995,0.3547079736639047,0.5595797146460016,0.2037857281323368,0.7034698164161598,2
242,0.6261457138942375,0.6481606902977396,0.2878712817972301,0.7441519590459823,1
1299,0.429937477013608,0.5976755585656714,0.11630732117087043,0.6612564445293106,2
1162,0.6328162747261465,0.663337661414347,0.02347340986925714,0.5497967756894624,2
1116,0.471815618487189,0.5817277649515242,0.13092381588299912,0.7153459359684298,2
1251,0.4518111474085773,0.520247561244841,0.226375298856269,0.7450930649135729,2
789,0.5839300780996475,0.559736872630937,0.1139423180476878,0.7873037089573275,2
379,0.8162819375635507,0.6087477127900407,0.24863290757533335,0.8101139329132455,1
397,0.479122226308692,0.739061617155665,0.287647274215435,0.6716040626676487,1
1352,0.6152564740497156,0.6436704621567314,0.05407198397484225,0.6476172290569846,2
1235,0.25284670690637423,0.5267512825214128,0.2560148189631034,0.7503841712358038,2
721,0.4753391168898601,0.46418855964706807,0.5329614233097121,0.7406248579248389,1
894,0.3752100325234913,0.17529850662495744,0.6258297973162169,0.7677859916164289,2
505,0.6928080537106348,0.8384041729186857,0.09873564951429128,0.6583194667976031,1
1363,0.4236996012086336,0.46209686170471514,0.3536821246257566,0.8373923638578976,2
1141,0.47244084835110955,0.6218329859642953,0.07075624098046396,0.4953581203342517,2
211,0.7613597848113134,0.8966312063372086,0.043517780601805,0.32463151386198935,1
1040,0.6367392856370206,0.694230431024483,0.006457449329054232,0.4830100839266392,2
1362,0.3515782186357442,0.5749886808832279,0.22966041312167493,0.624694254253162,2
817,0.3212037297449322,0.6600074088764327,0.21334568246925284,0.6609109177373451,2
619,0.5489063885944228,0.8008508982327212,0.2955823120167144,0.48418305645725923,1
981,0.07083775032631667,0.8631827485434822,0.20891636332306635,0.19811415114069308,2
353,0.5719245108856342,0.7153681799982787,0.3158119197880544,0.7596724769724579,1
1353,0.5161946794164523,0.6359285604702766,0.07994916751028497,0.5185175082062613,2
479,0.659000930272808,0.6080517274281845,0.3111982251706981,0.7735470143757331,1
1101,0.6660753304631895,0.6856353859912365,0.013358605983587152,0.5294561590150668,2
513,0.9360058845163665,0.7461075334802636,0.11612208413207833,0.7440346617929203,1
482,0.5083490181655598,0.8284171571617267,0.24959226312275187,0.43033543377251604,1
784,0.26204847514585095,0.6971752723136275,0.1945945247377604,0.3347427189321404,2
354,0.7635376327802177,0.8660490108401591,0.05389105477416162,0.4175236640388445,1
148,0.7694437833978756,0.5521483870726333,0.2573808344282422,0.834922756576375,1
964,0.4061109548637403,0.24939849652194418,0.47091132315247597,0.805763932458605,2
487,0.758619446307394,0.8450646779945145,0.09035690438753313,0.6933586113460087,1
860,0.2582841154115195,0.6160293660920422,0.23468025071617812,0.6843067186775417,2
645,0.7186465612357485,0.7416173053392554,0.22290563680616884,0.7239286396246488,1
363,0.7101154547880205,0.5369721643273826,0.2855450492170505,0.8875946788874037,1
882,0.19142706733300163,0.22624762859826303,0.7431709996338338,0.6450348709275576,2
1037,0.37820277062645585,0.2620983584474288,0.5152777478622353,0.8590268874401011,2
803,0.5736862600869698,0.6402616306263494,0.05300364012320419,0.6250488738554425,2
688,0.6968680815467049,0.732094279823534,0.2305462769509122,0.6339780135846587,1
1140,0.4695627717802826,0.5117301597398661,0.21832855881275984,0.8720732516798967,2
1076,0.4679164052527963,0.21889113816057804,0.5170138066211473,0.8449166643934641,2
1247,0.18494400334609756,0.027794512192840348,0.9636418463394146,0.5013502823317603,2
237,0.788395387577613,0.43484117688879576,0.34102138841622337,0.8777198868854397,1
1002,0.3844911263512394,0.33658375959318537,0.49527214767269045,0.813406439528265,2
741,0.7664510452949109,0.39953301627333515,0.34873672647381915,0.7995317202687835,1
965,0.49240709891900863,0.48981765931890725,0.23187507269476815,0.8860670867545032,2
365,0.7890732607864772,0.5802534733785599,0.2966894264113555,0.8652581903488912,1
641,0.5757847824676028,0.7344965518789734,0.30854028905593733,0.7476799694481574,1
1236,0.35883290425401504,0.5217184851466995,0.18440562603657357,0.7018240177491657,2
1233,0.0,0.8596205008849491,0.23888814698343638,0.3514371186702674,2
877,0.13849526570466364,0.3166097280792675,0.6750683869300192,0.6807787082753667,2
621,0.7526700271870426,0.5583411600504402,0.3199086738320374,0.9669658201260264,1
1024,0.2910527947847032,0.05745246906419904,0.7427272923083551,0.5808396301044764,2
1022,0.4602340825995717,0.3946573768835572,0.39166433325435634,0.8848941142238832,2
1171,0.22982065205633562,0.6471541308227969,0.21116807030391802,0.42621639069987366,2
709,0.7435908530385307,0.6432813090511774,0.23663644000258474,0.7711954317720978,1
878,0.2709113067808956,0.6664359188316427,0.20817799987076488,0.61152786491721,2
1285,0.5291233080212593,0.6981818317885702,0.005906046050789426,0.21058039408239904,2
690,0.9298401228825477,0.7170744666918618,0.1241691257242553,0.7716657119215836,1
953,0.5011867108005394,0.5300807866879703,0.21356710534818105,0.7647289887885649,2
335,0.757833401841796,0.36298630106231317,0.41244534430396107,0.9174645607717977,1
1202,0.45710576985483425,0.6260163818490011,0.07286277381695999,0.49123907726160926,2
1297,0.3515349501330507,0.5200151919385437,0.18263510457277018,0.6988843121743638,2
202,0.45108928455530806,0.8733269222853765,0.06459172464298793,0.09500168216990823,1
230,0.4112815409356093,0.5734432940313643,0.532737415727917,0.8710184856833701,1
678,0.6857624991887157,0.5674787743173918,0.30148835806750385,0.814934940942197,1
1306,0.4195386135329454,0.580796042612265,0.16395631852155,0.6483264682615456,2
685,0.8014480525568081,0.8012400513382751,0.13801020957632415,0.6709039162734026,1
1269,0.3546574937440957,0.2572975561933343,0.4689211019449889,0.7343935550160489,2
232,0.6707843858396614,0.5141304486112098,0.43171430417644907,0.7520299699027979,1
662,0.722273904044884,0.8444435297683417,0.07108794451504516,0.6522090982660012,1
1150,0.20429944688430723,0.6922958910670653,0.20655394490275059,0.3029997181228802,2
341,0.4227116370637995,0.9460311996018664,0.2344217804294915,0.15719650472371494,1
132,0.6530659339866878,0.7451795529977886,0.24405582958192434,0.8290442547078025,1
1300,0.3399750484967802,0.5691813191541907,0.19234324854071988,0.6603198850668777,2
343,0.5554435382096937,0.9040662757673613,0.16728196954358457,0.42127899469889163,1
521,0.5665044097815662,0.8579965350406178,0.1351325737178797,0.3970648408303554,1
254,0.7970274538649591,0.9141318705167878,0.04942382665259443,0.31675714012929973,1
1274,0.3237565714038466,0.23987547100622275,0.5260559588170677,0.7165216363421443,2
283,0.5310776020595808,0.4817648093336876,0.5761475003769359,0.8402138628986061,1
1054,0.4858894201299498,0.6146336535115455,0.10814827578779593,0.7175800394627968,2
82,0.8697401726413259,0.8370870393306566,0.10117388588536844,0.6607927112032516,1
64,0.8974031686966807,0.631513169464952,0.1780214099554139,0.9195831855751657,1
677,0.5258889874449229,0.864342724146576,0.06887371572576304,0.2085799758131246,1
822,0.28622114531726633,0.49547010817707965,0.3305748809959722,0.8478563699682661,2
770,0.5325992110709676,0.5200151919385437,0.21533891916341788,0.7905962155723469,2
907,0.40754602686974023,0.4638031483982982,0.3270338380683654,0.7753106558644081,2
1186,0.2017826623109708,0.026555957597278967,0.9648566566868417,0.5225183447448103,2
631,0.6448088613893517,0.5518385613309036,0.4097874081892003,0.8512661738363476,1
1290,0.5157908400579799,0.5892376715173604,0.08268033687294032,0.7179328405030143,2
941,0.3832291283560133,0.2593892541356872,0.6132422943545782,0.8391554597779536,2
971,0.508060200910081,0.3654671521102202,0.3050681715381136,0.8606726861070951,2
1115,0.48630335547238396,0.6080517274281845,0.10058371206410066,0.7171090318884857,2
664,0.8942662022514045,0.6559025919841944,0.15299717836603705,0.8753739418241996,1
1206,0.3322444093488812,0.1692591497753015,0.6150860490662762,0.7318066504814643,2
1316,0.39224339975048506,0.5008127312935224,0.29750360781441837,0.9509715667821454,2
1017,0.44034571533652084,0.3245050458938735,0.42315032201089886,0.9033525191630978,2
378,0.7135264550836886,0.852496005567883,0.06569883903762899,0.4738354383189212,1
895,0.4621883766378932,0.32349848641893086,0.4242574364055399,0.9118179255662547,2
1146,0.2388493462850385,0.02996478912766093,0.7869472505223254,0.5332205824854288,2
121,0.8014336297225768,0.9046088450010665,0.04798500872337219,0.34461751093410437,1
937,0.2985598800020193,0.22888189577432116,0.7374114200788334,0.7006483173754512,2
1327,0.49050112137536156,0.44862617728169074,0.3196889740883538,0.8901861298271457,2
1271,0.5026788251159237,0.6553600227504892,0.032076162577810347,0.390590759886158,2
470,0.570759145879757,0.8631041695510147,0.19393025610097575,0.5774298262363948,1
1082,0.40726478160223273,0.6019337915860609,0.20854718159691563,0.6417432735935695,2
465,0.3132062681637569,0.9718163347016056,0.25686389385486896,0.0,1
423,0.49904016038191673,0.8449075200095792,0.2684541322937084,0.392945797757713,1
1339,0.6197131298271424,0.6576088786777775,0.016016542098347963,0.43644580230411817,2
947,0.3865391688120633,0.26047065074631337,0.5352876558898917,0.8984151231621157,2
374,0.3992673200210574,0.5180019233143871,0.523583259741099,0.7312183456540913,1
693,0.6194535188109817,0.8589245155230929,0.15738686540159824,0.6192840321158061,1
1351,0.6029033165307316,0.5865285672056187,0.0850798027010145,0.7831883939369141,2
1244,0.2251188080969792,0.6677493105628876,0.2175165313287527,0.584949580366804,2
1175,0.3812820457348074,0.5123495867119182,0.1950744179033752,0.7435645634996408,2
483,0.5776330686743253,0.7844353725205522,0.28284834255928665,0.5539067259517899,1
506,0.6587701649251095,0.8261720430912227,0.22870071294720748,0.4797184865926512,1
217,0.6034874413170933,0.5540080898943675,0.4713938010209577,0.7396846613382798,1
1201,0.44485068760862206,0.5141304486112098,0.21902987485730288,0.8279858515871501,2
389,0.7817392495799351,0.9053834093553903,0.04850194929674545,0.32510433999836325,1
710,0.680995752475319,0.5760738193506382,0.3582958192431129,0.8424479663929731,1
1026,0.5163490037427255,0.530003330252538,0.18540375212699509,0.8162279385689735,2
425,0.6334580908494329,0.33542378399009154,0.5815710685592436,0.5894232430417269,1
1254,0.22735434740280813,0.22229996969096005,0.6507807956576992,0.820460641770552,2
1189,0.32797525041645936,0.6480072741695885,0.16860878368190926,0.5182810951380743,2
382,0.569999062515775,0.616261361212661,0.41255734809485867,0.8270447457195595,1
329,0.6303427586555035,0.6242352580197346,0.35283348051780217,0.7873037089573275,1
349,0.1987610785395439,0.8343030978832316,0.36294828440347215,0.6939460068923502,1
535,0.64828476443906,0.33674091757812064,0.5950459861718397,0.607527028378661,1
828,0.3209729643972338,0.5114205210909758,0.28284834255928665,0.8719641379561182,2
681,0.66958007918136,0.36035577574303923,0.45315872229521614,0.7407430644589323,1
914,0.32505462648465056,0.48641069871691733,0.3724686066297629,0.7774270983933004,2
22,0.7916910051994319,0.895624646862266,0.06300644021797663,0.411995235367395,1
717,0.7231392740987532,0.787301634817229,0.21009757253322422,0.5733107831637524,1
34,0.39128428127411324,0.545644291610383,0.5793568397699616,0.832571355828946,1
276,0.8000418262192704,0.5091750328347933,0.24726689211019454,0.8238704456386335,1
414,0.6507510690925875,0.8619441939479209,0.07603765050509403,0.607054202242287,1
675,0.4958051186638687,0.736041938730837,0.24918646477265388,0.7135819307673423,1
370,0.6702795866415711,0.8881933192888976,0.09094707820880094,0.5049964992680287,1
159,0.6056652892859977,0.6738672464050111,0.3196502035453508,0.8064686252580086,1
287,0.5724538289019176,0.9100270536245496,0.1666530251793138,0.410585849768588,1
183,0.7200023076534771,0.7926450063050288,0.1856251750059233,0.6968857124671523,1
1071,0.32485991822252996,0.2549738631303626,0.6070390074740992,0.9162915882411777,2
923,0.5387217042020929,0.47982914681923466,0.18148921963512615,0.8064686252580086,2
532,0.6897576242707455,0.5990712711461682,0.34504490921231185,0.8495030779162915,1
533,0.5111022651061161,0.767323861446527,0.2738449609063692,0.6924175054784182,1
813,0.3539940433694626,0.5740607004007529,0.2240868029379456,0.6185747929112451,2
1221,0.3754624321225365,0.26256234868866635,0.4456286212764125,0.7272211462396683,2
1208,0.3668447886694215,0.25435271490418976,0.4662976285351197,0.7655518881220619,2
993,0.4741932227101949,0.6028655139253201,0.09929136063066754,0.6824245069423607,2
1168,0.5612480078460219,0.5801000572504088,0.09002520085295196,0.7640233867081299,2
1048,0.4467472903100189,0.6325983079323622,0.0979990091972344,0.5100521018031043,2
160,0.871665621011185,0.6611673844795265,0.16609731406293754,0.8557343808250816,1
1255,0.32694401776893184,0.5068520881431784,0.2918172615073126,0.8870127390272512,2
632,0.774232164362619,0.3676336871882566,0.41133822990932006,0.8825390763523282,1
842,0.37104183343068753,0.2613237940931049,0.4550024770069141,0.7476799694481574,2
127,0.7805565771729803,0.4074320759447253,0.32489284252697787,0.7629649835874774,1
6,0.7668116161506899,0.6281080797913541,0.2591156008357206,0.828574156414523,1
581,0.36600826428401456,0.9571033538262357,0.21028194800439404,0.06149467615956061,1
80,0.7099928606970557,0.8553622678645598,0.08268033687294032,0.6843067186775417,1
187,0.6399050977507591,0.7536211819028839,0.22615383289895968,0.7817774625603535,1
975,0.2857307689534071,0.53813363667319,0.3441962651043574,0.7556752775580349,2
1214,0.2939301502138185,0.1289967707775953,0.6061171301182502,0.5850677869008974,2
364,0.9248209765701059,0.7241203830164604,0.12394511814246023,0.7721360829991726,1
415,0.7820349176816737,0.37057478662061694,0.4019256036358154,0.8639651927221146,1
1007,0.4953623376529723,0.471155896979199,0.2872423374329593,0.843976467806905,2
192,0.612963243406962,0.5121947112596212,0.4077196458957073,0.831042854415014,1
534,0.8559880002019198,0.8057302794792832,0.12221336722165983,0.6661938405302927,1
181,0.4993379919087901,0.45628949997567797,0.5736360307579641,0.7747228056775508,1
214,0.810440689699933,0.5432438904833357,0.26358196738966555,0.8457404730079926,1
485,0.7715927856983177,0.7877656250584666,0.12996316798414717,0.6732498613346427,1
1035,0.21985447360260768,0.7336434085321819,0.251290412906283,0.32827773079825784,2
648,0.5639147898953624,0.739061617155665,0.27915652529777935,0.7452103621666348,1
122,0.4027504344878813,0.8566794014525888,0.302780709500937,0.31134691799194375,1
1369,0.23738542861057632,0.011768139586225468,0.985603205031555,0.5247551760822717,2
358,0.7019449191960714,0.9200926483739762,0.0855579727313848,0.38729916255217,1
559,0.6532534308316928,0.5059229851036682,0.45046201563745236,0.8751375287560126,1
605,0.5846512198112052,0.8284957361541945,0.16738966549637066,0.6271584058484956,1
416,0.8214092551327262,0.9310113864701943,0.05171128868977104,0.39047255335206454,1
724,0.8771535094361393,0.8355416524787931,0.08160768518319084,0.6365694645244006,1
474,0.6940123603689362,0.8803728386099751,0.09094707820880094,0.5048782927339353,1
578,0.6646979497941141,0.4850943135002451,0.4475111465311134,0.7154632332214917,1
403,0.7304083825512553,0.4186613881540298,0.32382019083722835,0.8054111314183875,1
284,0.4140867821935689,0.8995760476263531,0.10050617097809467,0.24408740009274665,1
702,0.7784219977067695,0.3770032965758269,0.39978460809442784,0.8959418787564672,1
1347,0.11944991310242381,0.8566794014525888,0.20965429599155666,0.23915000409176468,2
754,0.6806856615393492,0.5241963427091791,0.436547698537489,0.9079352955617993,1
1104,0.29010088772544695,0.5818811810796753,0.25948478256187135,0.7360393536830429,2
386,0.3278887134110725,0.9324819361863744,0.3110862213798006,0.46231484764996317,1
667,0.5043731475672285,0.4943860922667046,0.5603463501841601,0.8184620420633405,1
331,0.6550995536132806,0.5619034077089734,0.40938247140672457,0.8594969857333806,1
774,0.46352681565454434,0.5119624167904597,0.21400995110603746,0.8229302490520746,2
1087,0.5451903453547657,0.525047989313257,0.1914941736489543,0.8646698855215181,2
868,0.18335028016355498,0.6436704621567314,0.25195468154306766,0.6711403293415896,2
653,0.7499729571858167,0.3542378399009157,0.4872251060805135,0.7938878129063349,1
447,0.7899530536745777,0.6266337882183898,0.26771576884140696,0.8323358520417906,1
691,0.5489835507575594,0.5144416962585174,0.2812242875912724,0.7261609245569528,1
101,0.8366541909150569,0.4247755821393692,0.34149955844659363,0.9242841685079608,1
446,0.6847096322898414,0.6263269559620875,0.23634135309195084,0.7721360829991726,1
740,0.3313501936265496,0.987767870172537,0.2594106877463545,0.08065322749302128,1
1004,0.2397075049217922,0.19697882483245838,0.7602946561268228,0.6904189057712067,2
956,0.4303557392063115,0.279209869521454,0.4584013612768433,0.8504432745028506,2
207,0.6924835399404339,0.8621761890685395,0.07300924031274908,0.6539731034670886,1
726,0.5107556843995414,0.8343030978832316,0.2900122773386177,0.4198696091000846,1
1253,0.17949217200672113,0.04444203302562799,0.8929200680638423,0.6410340343890086,2
1289,0.40619749186912724,0.4358477363637384,0.22323777112456117,0.7597906835065514,2
94,0.7437783498835357,0.5821131762002941,0.3188747926852909,0.8330414541222255,1
430,0.6209895506565997,0.75284661754856,0.21984190234131004,0.5581439755585259,1
288,0.5396555827185601,0.6257058077359148,0.4139229327761863,0.8423306691399111,1
1025,0.428350965248181,0.2968639498291843,0.42433066965343447,0.8397437646053266,2
768,0.3810440689699933,0.6178853270569923,0.11862924591293861,0.5741382289024068,2
1181,0.24898138733242475,0.2694548488851138,0.6811208994765977,0.7623766787601044,2
1177,0.4432627335597719,0.5912507904672457,0.12582764339716115,0.6613746510634042,2
844,0.5085318997036108,0.648624680538977,0.037870204837702204,0.3762513980195859,2
1182,0.14382450295307536,0.2982559205528968,0.712089947659767,0.7418005582985534,2
1250,0.33212902667503197,0.6501738092476248,0.1666917957223168,0.5140529383416532,2
902,0.2990141992803006,0.06557978199942377,0.7409912335494432,0.5267465015412314,2
725,0.7687514873547803,0.37522217274656033,0.34951213733387904,0.7125235276466898,1
801,0.44198198588004534,0.44010971124091197,0.2192883451439895,0.7833060549023887,2
142,0.8088109094318126,0.6401082144981983,0.16635578434962417,0.8322185547887285,1
966,0.5430247567949579,0.6488566756595958,0.03868007840265364,0.43069005337479654,2
489,0.7114639897886335,0.6223755551980004,0.2361935942447283,0.8292788492139266,1
1018,0.47840973829767297,0.5356557791107104,0.20500355396644196,0.8371568600707421,2
1134,0.38478679445297803,0.6199770249993451,0.12527624011889635,0.5636724042299753,2
804,0.4876324196467849,0.6303531938618582,0.08186615546987747,0.5121707266064722,2
1213,0.31889607626794747,0.2588466849019821,0.49553061795937714,0.7206370422906608,2
990,0.1777686433160981,0.6445198636467389,0.25645809550477094,0.6911245078516417,2
930,0.3476407848906389,0.5064648059660165,0.25184397010360354,0.7823654036753139,2
655,0.6993848661200414,0.9159129943460544,0.08519180649191205,0.40658501323003904,1
253,0.88908840476242,0.6372419522015215,0.16860878368190926,0.8833665220909827,1
809,0.38513294247452573,0.5149821700524234,0.18492385896138025,0.7289851514407558,2
939,0.3597920227303868,0.6590008494014901,0.19345036293536091,0.6669030797348536,2
538,0.5599391356395447,0.5133561461868609,0.4719839748422255,0.6544368367931477,1
874,0.30598763963106396,0.5890056763967416,0.20946992052038688,0.585185993434991,2
268,0.5748797496195979,0.3732876327891427,0.4277252460852522,0.7503841712358038,1
63,0.6372008163324175,0.4735581690346384,0.29428996058328133,0.7535584713167298,1
1184,0.45482407747946557,0.5803320523710276,0.16336614470028218,0.6719586822699292,2
743,0.8534495813772366,0.5792469139036173,0.22548943502703173,0.9129908980968748,1
765,0.23031823983731048,0.036236141097935604,0.9032890343980874,0.6607927112032516,2
545,0.8037773402851396,0.3355023629825592,0.3719904365993926,0.7325122525618993,1
49,0.6257346631186496,0.6383270906689318,0.351579899627372,0.7851872664284351,1
1259,0.37523887819195356,0.2795952807702238,0.47113533073427105,0.7950635132800494,2
1205,0.38783001247575166,0.46418855964706807,0.3137441574945614,0.8248115515062241,2
118,0.7167427471172361,0.541850048831231,0.32636612316109165,0.9469707302435963,1
527,0.6904859773994189,0.7970566554535692,0.20965429599155666,0.5365121798194168,1
1015,0.4423670755540172,0.21966570251490197,0.5198182092316972,0.808349927712158,2
554,0.6986709358255991,0.3351917888694729,0.5014754345531696,0.7775446684306718,1
413,0.758568966387585,0.5096393972617093,0.33670493462855666,1.0,1
1052,0.33333333333333337,0.5062328108453977,0.25793439162556275,0.8152877419824145,2
174,0.643402635051814,0.6078197323075657,0.33511534236543394,0.8115251370741156,1
1010,0.29210566168357754,0.2674417299352285,0.6004350916492559,0.9427425734471754,2
400,0.6019369866372442,0.5095619408262768,0.507342710060956,0.7087609227383908,1
1329,0.2938580360426628,0.018192907684651316,0.8080987356495143,0.5383943915545978,2
1058,0.3951856579336406,0.4325960628182917,0.411191763413531,0.8027060203497095,2
455,0.7002502361739107,0.8976377658121513,0.07946668964180328,0.41293179482982806,1
522,0.5459511498604591,0.5514512791537417,0.401076959527861,0.6819516808059867,1
93,0.6844139641881026,0.2789778744008352,0.5707583948995197,0.79600461914764,1
500,0.7865132077104473,0.6540466310192444,0.25804510306502687,0.8092910335797485,1
1226,0.21448196785150253,0.6087477127900407,0.2619945290455985,0.6768960782709113,2
311,0.8705478513582705,0.3293844271404357,0.37859866026234734,0.7556752775580349,1
450,0.774095147437423,0.3672482759394867,0.4148448101320352,0.9001791283632032,1
518,0.8136425588992493,0.42237705194071407,0.2969866672410451,0.8423306691399111,1
996,0.3409485898073831,0.5933424884095986,0.20755034785792753,0.6248124607872555,2
153,0.7572853341410122,0.9311648025983454,0.04661942404204453,0.31416568918955784,1
116,0.78885691827301,0.7928770014256474,0.14912012406573763,0.790007910744974,1
531,0.7500162256885101,0.9029025583074833,0.06702996101406511,0.44091946497904105,1
920,0.1125918554255097,0.8215246569652793,0.23970017446744354,0.31969411786100727,2
468,0.8374474467977704,0.7851350997391926,0.0864453873823422,0.6413886539912891,1
1241,0.3433355688726392,0.48331356385665697,0.3448252094686282,0.7813071824108677,2
443,0.772508635671996,0.6274083525727137,0.26439399487367266,0.805175627631232,1
1065,0.2481376515299022,0.27069340348067517,0.6810476662287032,0.7327468470680233,2
1318,0.472296620008798,0.6298892036206206,0.1486419540353674,0.5195813670131028,2
1309,0.19855915886030767,0.22113625223108213,0.737708660908523,0.6047082571810469,2
23,0.5753225306304943,0.8478523612987237,0.15521140715531911,0.626340052920156,1
788,0.4736062133569868,0.3526138740565844,0.3134469166648718,0.8456222664738992,2
30,0.48994295769061585,0.5087102942221989,0.4390936308613522,0.7913009083717505,1
225,0.6056364436175354,0.6356179863571901,0.4149568139229328,0.8487974758358566,1
0,0.7690038869538254,0.8396427275142471,0.10678269110646824,0.7366276585104158,1
584,0.5320403262445104,0.7711966832181465,0.25775001615439297,0.7266328414122953,1
1096,0.19293425351015736,0.7424704486860471,0.2523609106769768,0.2801858570428362,2
1069,0.4036013817075194,0.1996130920085165,0.6088870700239085,0.8653754876019532,2
713,0.8032292725843556,0.8966312063372086,0.05831951235272581,0.396946634296262,1
435,0.5953673856449532,0.844600687753277,0.13435716285781985,0.7098193258590433,1
987,0.4677051107313099,0.6356179863571901,0.08519180649191205,0.5229911708811843,2
623,0.7801238921460457,0.7839713822793146,0.16225903030564115,0.8137592405684825,1
1310,0.2665556108430868,0.4964766676520223,0.3411333922071209,0.8261045491330006,2
115,0.6905076116507656,0.6243886741478857,0.19230620113296146,0.7661392836684034,1
821,0.2181309449119847,0.20433531527014337,0.7642449436750167,0.6465624630604581,2
508,0.8728555048352553,0.5019742036393299,0.24697180519956063,0.8680796893895997,1
958,0.48160583836329685,0.6292680553944479,0.0777349387210029,0.5241641434118043,2
32,0.8177025867353195,0.8003869079914836,0.12487130333642064,0.6898315102248652,1
152,0.873389149701808,0.5233446961051013,0.23645206453141493,0.8872491520954382,1
1128,0.3506118887422568,0.6418107593349972,0.17491976651517438,0.5352119079443883,2
1263,0.4444944436031125,0.6372419522015215,0.0692829603463502,0.4777180683233767,2
38,0.8372455271185342,0.6348434220028663,0.13701509897258063,0.8042345217636415,1
24,0.8275750167665449,0.8853270569922207,0.02613134598401795,0.43644580230411817,1
29,0.8605167701505023,0.38970315850131154,0.3750533094966292,0.8764287078207261,1
838,0.34045100202640827,0.6338368625279236,0.18462963361836865,0.5303927184774998,2
199,0.9323136389531907,0.7351925372408297,0.10637775432399253,0.7499140729425243,1
205,0.8545385053616887,0.5989141131612329,0.21637236952635322,0.9185193267683243,1
832,0.39807743619698716,0.26697399783720677,0.47537855127404316,0.7675504878292734,2
991,0.29233642703127594,0.5270611082631423,0.24711956404678315,0.7835411949771316,2
179,0.6803683591862638,0.8819968044543063,0.0969263575074849,0.5206361330096293,1
1192,0.19040304610258968,0.031281922715690025,0.9021474572985548,0.624457841184975,2
1067,0.44826817817969417,0.6261697979771522,0.17230060094341657,0.6440892186548097,2
180,0.626289942236549,0.6281829169270375,0.23755960970986714,0.7639051801740364,1
823,0.3651212599787985,0.6362353927265788,0.16923772804618006,0.5425043418169253,2
258,0.7778306615032922,0.5451020965623562,0.26900768949102893,0.8688998608800023,1
1321,0.36385205056645686,0.15988954038773123,0.6448015163590153,0.7655518881220619,2
410,0.6478088109094319,0.5327135571213147,0.4279104831240442,0.8761922947525392,1
264,0.6868946916758614,0.7629122122979866,0.19356107437482503,0.6946516089727852,1
126,0.3388717016780968,1.0,0.37110302194843525,0.23692226556461804,1
1000,0.29993726067109455,0.6611673844795265,0.2195834320546234,0.6711403293415896,2
719,0.6358234356633423,0.4865656115877821,0.4683266202856097,0.8958327650326887,1
820,0.21919823464509014,0.010297589870045365,0.9892217890451677,0.4753721232621366,2
295,0.6626210616648278,0.7428558599348168,0.20282594180110713,0.5744837556943725,1
1155,0.5807931116543713,0.5491287086478053,0.12645658776143195,0.8161106413159115,2
891,0.46816664142670683,0.6226075503186191,0.15668899562754435,0.5561435572892514,2
1237,0.4438497429129799,0.6204410152405827,0.0923126628901286,0.6678396391972867,2
794,0.3906929450706359,0.27797131492589255,0.42835419044952294,0.7927121125326204,2
652,0.842726204126373,0.3891605892676064,0.3396170331918927,0.8275157532938705,1
1279,0.1255435605650867,0.7919490209431724,0.22899601524974694,0.10452185456959184,2
660,0.8161665548897015,0.41610569997043934,0.3197966700411399,0.8631413841075861,1
890,0.387858858144214,0.6384056696613994,0.1299243974411442,0.5751929948989334,2
1113,0.3141076953032041,0.5117301597398661,0.25428005255562497,0.7828356838247997,2
1370,0.2508419329482437,0.2017010480940853,0.761587007560256,0.6606745046691581,2
1127,0.337436629672097,0.5114205210909758,0.31101298813190603,0.8805477508933686,2
105,0.7633934044379063,0.5617499915808223,0.3137441574945614,0.9731943951917219,1
71,0.806193165018858,0.5337975730316898,0.2748013009671097,0.9434518126517363,1
626,0.6404098969488495,0.7422384535654283,0.251290412906283,0.8238704456386335,1
234,0.7046780462828751,0.6227647083035543,0.2497400219699744,0.8236358511325096,1
347,0.7479681832276861,0.5495156166392887,0.2958063195985095,0.8130536384880476,1
745,0.5624515933626117,0.6287254861607428,0.3533504210911754,0.7710778617347264,1
922,0.4056205784998811,0.4310469341096439,0.2931096129407457,0.8336297589495986,2
935,0.3747989817479034,0.5622925608145274,0.23944170418075691,0.6797239422788401,2
419,0.6489770604821554,0.3239624766601683,0.598737803433347,0.6472717022650191,1
402,0.6495179167658237,0.7749909259972985,0.252582333555905,0.8376269583640216,1
1258,0.46309340948589817,0.5362754305941695,0.21109397548840117,0.7168744373823618,2
520,0.7378505650145311,0.7306237301073539,0.21973119090184595,0.7499140729425243,1
509,0.48655431278800604,0.8539665552840631,0.20500355396644196,0.588241177700792,1
1130,0.3425639472412725,0.24382312991352573,0.5706076205656192,0.8610254871473126,2
669,0.8224981791171785,0.5327135571213147,0.2892368664785578,0.9609645653182028,1
915,0.38170751934462643,0.27843530516713005,0.49043875331165054,0.7902434145321294,2
231,0.33936928945907163,0.9629107155552729,0.360548818575398,0.2823044818462042,1
730,0.7146009562339096,0.88958529001261,0.08965472677536782,0.49453067459559724,1
703,0.6024057287497567,0.6854819698630854,0.3265168974949922,0.797767715067696,1
869,0.2689570127425741,0.5191635453344658,0.25154888319296964,0.7503841712358038,2
1196,0.3625323612343062,0.6533469038006039,0.14420918861869175,0.42339761950225957,2
716,0.5452985166114994,0.3932616643030605,0.3608072888620846,0.6877165225456232,1
125,0.7237450331364618,0.7848245256261062,0.1753634738406531,0.8064686252580086,1
687,0.46891807109015,0.789546748887733,0.2477838326835678,0.6450348709275576,1
1209,0.45802017754508945,0.4966315805228871,0.21245956016972886,0.820460641770552,2
551,0.7626866855605796,0.8656598577346051,0.07127318155383722,0.6639661020031461,1
747,0.506134824654393,0.7838179661511635,0.2615146358799837,0.7084081216981732,1
607,0.922174386488689,0.8963206322241222,0.02155642190966464,0.3829527992216555,1
1286,0.044523289271574784,0.8720097886973475,0.22870071294720748,0.1542595269920074,2
808,0.2895816656931254,0.5130464327008348,0.2572701229887781,0.772253653036544,2
1032,0.5196316408137364,0.38970315850131154,0.28694509660326967,0.9006519544995772,2
540,0.7946476862168186,0.5279127548672202,0.3249273052318694,0.9739036343962829,1
577,0.788806438353201,0.3361197693519479,0.37398496564499106,0.7283968466133828,1
796,0.6261601367284686,0.6744098156387163,0.016533482671721195,0.5352119079443883,2
1050,0.08367407279204436,0.8019360367001314,0.25165959463243376,0.5121707266064722,2
398,0.8246832385031984,0.5287647756569765,0.3156654532922653,0.8864217063567837,1
1364,0.3030958613677174,0.2672845719502932,0.6793891485557974,0.7389790592578448,2
1334,0.42971392308302514,0.5036774968474856,0.2829215758071812,0.8148167344081035,2
89,0.782063763350136,0.5458766609166801,0.3183578521119177,0.8704274530129027,1
888,0.3224945734086206,0.25923209615075193,0.6154177526008573,0.9714303899906345,2
191,0.7938616417512206,0.8958566419828848,0.05053094104723546,0.3584931394746174,1
1066,0.3182758943960078,0.5221057673238615,0.3050681715381136,0.8657282886421707,2
1117,0.364465021021281,0.5527676643704139,0.21541258319512355,0.7135819307673423,2
897,0.48714132214121403,0.6343008527691611,0.07363818467701985,0.4872473335333752,2
1278,0.546730704050653,0.6610925473438429,0.020225299933228524,0.3824799730852815,2
1051,0.23562584283437543,0.6095222771443646,0.2636185840136128,0.7490902643279959,2
248,0.5352241669010378,0.5419293761950555,0.2603355805888815,0.7368631622975713,1
1231,0.4516957647347281,0.6426639026817887,0.07754970168221081,0.45384944124680615,2
70,0.7928953118577333,0.42725643318727624,0.3302087147564995,0.821166243850987,1
799,0.2753535397240912,0.6198984460068775,0.2416197471299029,0.6990025187084572,2
852,0.15547815301184842,0.7793277380101554,0.22028474809916646,0.1445029415241369,2
699,0.7902775674447786,0.8988763204077128,0.05141404786008144,0.37119579548451037,1
1325,0.10940440906042448,0.7520720531942361,0.2663872315678377,0.17495476326868342,2
1358,0.43488450915489407,0.508245929795283,0.1886889094707821,0.7775446684306718,2
880,0.33823709697192605,0.33441722451514894,0.5140974002196997,0.7717833728870582,2
771,0.43677390043917536,0.2661245963471994,0.4786266612100718,0.8269274484664976,2
377,0.3641693529195423,0.9514531500821337,0.34205526956296983,0.3034725442592542,1
951,0.38570264442665636,0.6195878718937912,0.1336549852456545,0.6019985997072115,2
672,0.6748804707613094,0.41703368045291433,0.36353845822473996,0.7694317902834229,1
366,0.7615977615761274,0.7523040483148549,0.1510758825683331,0.7754282259017795,1
986,0.5688048518414355,0.6456835811066167,0.07131195209684021,0.65032688653082,2
859,0.08430867749821519,0.8586925204024741,0.21589247636073838,0.22786582649099352,2
514,0.6531668938263059,0.5845154482557335,0.3628750511555776,0.8162279385689735,1
851,0.5516308619806879,0.663337661414347,0.022146595730932445,0.36943179028342293,2
1098,0.3776979714283655,0.2603958136106299,0.5164236327998795,0.8834847286250762,2
606,0.4048922253712078,0.9598910371304449,0.24564283714218021,0.1409749311219619,1
333,0.7242426209174366,0.7328688441778579,0.13162599349516446,0.7167562308482683,1
563,0.8049095327722853,0.9241974652662144,0.06001680056863465,0.397173954554134,1
241,0.40737295285896635,0.5739821214082852,0.5524500829258837,0.8485619720487011,1
845,0.22784472376666742,0.6986458220298076,0.18795054601848066,0.31534775453049274,2
1030,0.3748638845019435,0.19179261132959396,0.5585413660154652,0.7166389335952063,2
1106,0.4986839163764072,0.472319614439077,0.1867327201843755,0.8298671540412995,2
222,0.5870670445449236,0.5392951090189975,0.4857130549033968,0.7242814406648663,1
549,0.7623116918705696,0.5421598745729607,0.3117496284489629,0.9534448111877938,1
1114,0.4317186970411556,0.5451020965623562,0.1546212333340513,0.7347463560562664,2
892,0.5232899927164688,0.4893529207063129,0.2655011092683137,0.8042345217636415,2
1085,0.31565814998305325,0.03592556698484922,0.7734723329097293,0.603762604908299,2
526,0.6671426201962949,0.7943475511418276,0.1704913089366102,0.4770179219291307,1
445,0.7377856622604909,0.38761146055895856,0.34722467529670237,0.7588495776389609,1
1086,0.46263115764878965,0.2795952807702238,0.43381652917483365,0.8778380934195332,2
943,0.28231255724062343,0.249245080393793,0.7183664677881405,0.7696669303581658,2
1061,0.3409125327218052,0.6525760813030642,0.1976953066103776,0.6638478954690527,2
1257,0.3710057763451097,0.6466115615890917,0.15085618282464947,0.42728024950671506,2
640,0.8082988988166065,0.4987221559082048,0.23781764921274262,0.8025887230966475,1
625,0.8031283127447376,0.40433381852742967,0.3297650074310208,0.8458577702610546,1
14,0.753311843310329,0.8418878415847513,0.09884765330518883,0.7252225465324568,1
165,0.8101882901008879,0.39310824817490936,0.3390268593706249,0.7970630222682925,1
618,0.6419098717088896,0.6353859912365715,0.22083873608029814,0.7534411740636678,1
1216,0.551139764475117,0.5527676643704139,0.13240140435522435,0.7861279176555098,2
1036,0.3354967584680066,0.4860234165397554,0.357559178926056,0.8465633723414896,2
1144,0.40691142216356946,0.4436682170426609,0.3360759902642859,0.831748456495449,2
439,0.8488270630061514,0.594191889899606,0.21552329463458766,0.9193467725069787,1
405,0.5503695851271734,0.7932624126744173,0.2809313545996942,0.5081698900679232,1
593,0.3065357073318479,0.5817277649515242,0.5195985094880134,0.7409776589650563,1
1211,0.1907708283754841,0.7009695150927794,0.19976220733624833,0.2797221237167772,2
1173,0.16556692555654118,0.6321343176911247,0.2740258901070498,0.6593742327941297,2
477,0.7594631821099165,0.7656998956021958,0.17584164387102336,0.7420360620857088,1
1149,0.5318672522337365,0.6392550711514068,0.03351498050703258,0.412468061503769,2
1228,0.4111012555077199,0.4436682170426609,0.22102311155146792,0.7663747874555589,2
25,0.5587261752807045,0.3096386488903524,0.5868524780838736,0.5161715631450212,1
589,0.5753420014567063,0.8387147470317721,0.15727916944881215,0.6586740863998837,1
1105,0.38736127036323914,0.4371648699517675,0.29595278609429865,0.8419778680996935,2
361,0.7519272512241382,0.6376311053070755,0.2669037413573998,0.8001200250961564,1
133,0.5391255435605652,0.7226498333002803,0.31529497921468114,0.7405075606717768,1
1,0.8356590153531072,0.8209820877315742,0.12180412260107266,0.6443256317229966,1
293,0.6473040117113416,0.5153693399738819,0.43518211385616135,0.7463860625403493,1
1043,0.3129250228962494,0.5764629724561923,0.2637292954530769,0.7689614192058339,2
1053,0.44759463182109926,0.5454893787395182,0.15702069916212552,0.7597906835065514,2
886,0.38874586244943,0.19736797793801242,0.6202554548000087,0.8898315102248652,2
1063,0.3631309088548991,0.26395431941237885,0.6161199302130226,0.7863630577302527,2
583,0.6785871391587162,0.2594640912713707,0.590466754259375,0.7365094519763223,1
350,0.41749057107212145,0.8971737755709138,0.32157149934305473,0.2677287069114451,1
1107,0.5958000706718878,0.5938813157865196,0.09006397139595496,0.7889495076243215,2
881,0.18432382147415788,0.018118070548967857,0.9733474056044975,0.48453767605953973,2
896,0.5081276276601115,0.5389078268418355,0.20009434165464066,0.8462105713012721,2
495,0.49873151172937,0.9015891665762386,0.067805371874125,0.2209280122207371,1
330,0.5843267060410042,0.607202325938177,0.336222456760075,0.7617892832137629,1
53,0.6916542269721424,0.7454901271108749,0.17772416912572428,0.6647844549314856,1
790,0.591804945589858,0.6579157109340797,0.014874964998815354,0.40529383416532544,2
913,0.20316004298004608,0.7499803552518831,0.23453249186895558,0.27301162970439274,2
488,0.589432389358833,0.8117696363289392,0.2748013009671097,0.5186357147403549,1
769,0.4433586454074091,0.635075417123485,0.14923212785663517,0.5094701619429518,2
1317,0.4164881840930562,0.6208264264893526,0.12320847782540334,0.6057630231775735,2
1335,0.39475297290670597,0.24428712015476323,0.5100394167187198,0.7656691853751239,2
544,0.8140175525892595,0.5602008628721744,0.25642104809701255,0.8633768878947417,1
149,0.705363130908855,0.7923344321919423,0.2308046610808366,0.5472053247497204,1
516,0.3348837880131825,0.9870681429538966,0.3546427725246086,0.2509070078289096,1
885,0.5100144228342313,0.4760352782257612,0.2881297520839167,0.8476217754621421,2
751,0.6704238149838826,0.8184301414047679,0.2170000215391906,0.47995489966083815,1
1006,0.4370241366130859,0.6199770249993451,0.17455360027570166,0.634805459323313,2
494,0.6931542017321825,0.35044359712176376,0.4855665884076077,0.7843641852387317,1
639,0.7879699139677939,0.4018567093363069,0.33685140112434575,0.7956518181074225,1
464,0.9217921813815635,0.49879923815795874,0.24409287698968277,0.9024159597006647,1
143,0.7907535209744068,0.3938828125292333,0.37667736446464345,0.8533829800776526,1
238,0.7962486208164767,0.5492061650832376,0.2780881814461413,0.9308673631759368,1
752,0.5355832954733936,0.7622910640718137,0.21334568246925284,0.7259281486128918,1
592,0.5767951020054952,0.6078983113000334,0.41975143774096974,0.796944815734199,1
629,0.7787681457283172,0.3124263321945616,0.3925129773623107,0.6633750693326786,1
924,0.6225255825022176,0.5981432906636932,0.09338531457987811,0.7666102912427144,2
830,0.40379608996964,0.6385590857895505,0.14284360393736406,0.46455167898742467,2
1291,0.5456042806971999,0.6517229379562727,0.0521894587201413,0.59624285077789,2
247,0.6563687630256223,0.4782033100465113,0.4522368449393672,0.7506187657419279,1
1013,0.4711896674815569,0.6226861293110868,0.14971029788700543,0.5716649844967584,2
573,0.7135120322494575,0.8585353624175388,0.07064854502767787,0.6677305254735081,1
1132,0.26348354715185085,0.20797614192114416,0.6727809248928426,0.8665511879756677,2
383,0.782712790890538,0.8950072404928774,0.05340857690567993,0.3623757694790729,1
999,0.1665116211986818,0.2841640879036996,0.7182932345402461,0.6796057357447466,2
337,0.581326756520924,0.6025549398122336,0.44023951579899634,0.8526773779972177,1
339,0.6391190532851612,0.7681770047933185,0.2281470265147436,0.8131709357411095,1
604,0.3168840908927014,0.894696666379791,0.17037930514571265,0.27983123744055577,1
1068,0.5307696745487457,0.4782033100465113,0.27487453421500424,0.8578511870663866,2
818,0.5254267356078144,0.5704984527422198,0.16657979193141925,0.7240468461587423,2
601,0.69231046592966,0.6134736779084518,0.3074676373661878,0.8138765378215446,1
744,0.8673387707418385,0.8278745879280216,0.11818984642557136,0.6606745046691581,1
215,0.9471475239599334,0.626401793097771,0.17056454218450473,0.9095810942287933,1
168,0.3778133541022147,0.9599696161229125,0.31584638249294594,0.2978259090537112,1
137,0.8707137139519288,0.8222992213196032,0.11461003295496158,0.6832428598707002,1
901,0.39642602167751995,0.13557869686095636,0.6419238805005708,0.6651390745337662,2
422,0.8566370277423218,0.8900492802538476,0.04145001830831199,0.38377115214999497,1
220,0.3473018482862068,0.9845910337627737,0.35453076873371103,0.4566773052547351,1
978,0.562566976036461,0.5262869180944969,0.15661145454153835,0.8535002773307147,2
454,0.6233621068876246,0.7445621466283999,0.2505154328300343,0.8208134428107695,1
519,0.7578478246760272,0.7724352378137079,0.18219139724729147,0.7107604317266337,1
355,0.49221455408202275,0.8159492903568608,0.3089107631335215,0.423988652172727,1
992,0.4012432483107256,0.5207119256717568,0.17765093587782974,0.7330996481082408,2
757,0.6997021684731268,0.6339154415203913,0.31223210631744464,0.7942406139465524,1
1160,0.39280589028550006,0.2694548488851138,0.43315312210567136,0.6914773088918592,2
1187,0.21780643114178372,0.20464588938322975,0.7685657053007948,0.6399792683924821,2
194,0.33901593002040836,0.9785516769131177,0.25804510306502687,0.08770924829737126,1
401,0.6673733855439934,0.2968639498291843,0.5623796497727616,0.6997081207888922,1
665,0.6403305713605781,0.744715562756551,0.26391410170805785,0.8275157532938705,1
1344,0.6048359763177062,0.5241963427091791,0.146793891485558,0.8978240904916482,2
1337,0.5247531892492194,0.3464173592219931,0.31902125918108004,0.9086445347663603,2
731,0.5812618537668838,0.8562154112113514,0.20098046395416463,0.6215208634532675,1
791,0.18491515767763528,0.7911744565888486,0.2142684213927241,0.16119734126226393,2
1034,0.5567906309268835,0.6695304343921541,0.030891507097163318,0.40070196495630905,2
322,0.3827603862435008,0.5908616373616916,0.5620824089430719,0.8623184847740891,1
636,0.6630681695259937,0.28462807814493707,0.5759234927951408,0.7460332615001318,1
1093,0.5615083400038943,0.3742156132716177,0.29720636698472874,0.9205197450375988,2
673,0.37552012345946106,0.928223703165985,0.36497727615396214,0.33274230066286586,1
997,0.405195104890062,0.47835822291737606,0.32932130010554206,0.8131709357411095,2
649,0.48015201667279644,0.4761886943539123,0.5745579081138131,0.8223419442247015,1
572,0.904751602737454,0.9032917114130374,0.037611734551015574,0.41164061576511457,1
312,0.6225111596679864,0.6012378062242045,0.3673035087341418,0.7940060194404285,1
1136,0.4778032581182529,0.5275258468757367,0.21323497102978872,0.7445047600861998,2
325,0.8290966257779318,0.6088262917825084,0.2721433648523489,0.8653754876019532,1
900,0.46040787775205716,0.41053033336202094,0.38760204191526487,0.8679623921365377,2
612,0.42568995233253293,0.5831983146677044,0.5255777887866975,0.8410367622321031,1
855,0.37239036843130047,0.2689122796514086,0.43658646908049203,0.7753106558644081,2
983,0.3611838262336933,0.4626394309384203,0.277610011415771,0.810466733953463,2
432,0.8812135372722094,0.8233843597870135,0.08766450556788077,0.6345690462551261,1
955,0.3485854805327796,0.17460252126310122,0.6153832898959658,0.7514425743564563,2
718,0.8030129300708884,0.7179238681818692,0.14923212785663517,0.7987088209352865,1
259,0.7265502743944213,0.6012378062242045,0.31876278889439336,0.809172827045655,1
622,0.8714997584175268,0.49554756461251204,0.2494449350593405,0.8778380934195332,1
441,0.5704418435266715,0.8986443252870939,0.16347814849117973,0.4128135882957345,1
795,0.5444785784854582,0.5332553779836631,0.1424042044499968,0.8297498567882375,2
281,0.8011956529577628,0.40549753598730764,0.3224546061559007,0.822812042517981,1
407,0.5033623232301381,0.7472712509401416,0.2750597712537963,0.6744319266755776,1
442,0.7500667056083192,0.8821539624392416,0.06311844400887417,0.43962828591432757,1
634,1.0,0.7106459567366519,0.11818984642557136,0.8269274484664976,1
1224,0.5272173304776122,0.701976074567722,0.005828504964783432,0.19612282568173345,2
899,0.40365907304444404,0.5955876024801027,0.20736597238675775,0.625630813715595,2
459,0.563684024547664,0.854202292261466,0.12394511814246023,0.6510270329250661,1
92,0.8183876713612993,0.8224563793045385,0.10785534279621774,0.6469170826627386,1
574,0.5920357109375565,0.8579965350406178,0.13782497253753206,0.7039408239904708,1
977,0.4184857466340711,0.2706148244882075,0.43514334331315835,0.7742524345999618,2
1361,0.3943851906338115,0.5551680654974611,0.19703103797359298,0.7010011184156687,2
503,0.8633147999913464,0.5257447230464701,0.23667348741034314,0.8078798294188785,1
686,0.5627595208734469,0.7331794182909444,0.27923406638378534,0.7185202360493558,1
475,0.7834050869336334,0.5240414298383144,0.3144463351067267,0.9642561626521909,1
931,0.4723254656772603,0.5488188829060757,0.15757210244039033,0.7255753475726743,2
557,0.7992125132509791,0.5346492196357677,0.2719968983565598,0.8778380934195332,1
658,0.5828339426980796,0.25598042260530524,0.5847847157903806,0.6591469125362576,1
1154,0.48185607453720736,0.348894468413116,0.3184698559028152,0.8630240868545241,2
562,0.330405497984409,0.9917155290798401,0.26723587567579216,0.08241723269410872,1
609,0.753686837000339,0.7176132940687828,0.11903849053352576,0.6954745083062822,1
197,0.6459843223791908,0.7429344389272845,0.2379283606522067,0.594360639042709,1
750,0.7993351073419439,0.3510647453479366,0.4321924742068194,0.8806568646171472,1
1112,0.20907340501481952,0.6192024606450213,0.2571223641415556,0.7118179255662548,2
17,0.565782546928297,0.6219115649567628,0.4148448101320352,0.8319830510015731,1
1304,0.12604114834606156,0.32280250105707453,0.6728541581407371,0.6756048992061977,2
481,0.7116370637994073,0.8671304074507853,0.08541150623559568,0.6817152677377998,1
575,0.6960820370811069,0.8150213098743859,0.2175535787365111,0.6171654073124381,1
471,0.5363628496635875,0.7730563860398807,0.2733280203329959,0.7158160342617093,1
1249,0.2640893061895594,0.488888556279397,0.3368126305813428,0.8425652636460351,2
763,0.5359683851473654,0.5100266794388711,0.22633838068365394,0.809172827045655,2
781,0.37645039626737054,0.25784012542703943,0.46327352618088613,0.7824829737126854,2
135,0.8078662137896719,0.935191040498116,0.0720485924138971,0.40611218709366503,1
635,0.6446141531272311,0.4212133344808361,0.34873672647381915,0.7047637233239678,1
460,0.5774787443480519,0.8294237166366695,0.16908695371227953,0.6439801049310311,1
1100,0.6115209599838465,0.5403791249293725,0.14040967540439833,0.8706638660810897,2
552,0.7738932277581869,0.8853270569922207,0.05200852951946067,0.38024314174782003,1
1288,0.31608362359287234,0.4552829405007353,0.2865056971159024,0.7922420142393409,2
1328,0.40710613042569,0.1535396094249889,0.6354621233334051,0.7455631632068523,2
1089,0.2927835348924418,0.6724752756812986,0.20230900122773388,0.41681442483428355,2
1320,0.4558639638275318,0.2624837696961987,0.4793288388222371,0.8339825599898161,2
1230,0.5526325278180416,0.6529614925518341,0.05208176276735524,0.588950416905353,2
8,0.7388313177422496,0.7308557252279726,0.19525922415835617,0.7215772388772198,1
77,0.5113814190626601,0.7452581319902563,0.30451676825984886,0.7117006283131928,1
58,0.7341078395315465,0.36159433033860067,0.4245891399401211,0.8672567900561027,1
959,0.04645594905854955,0.7566408603277118,0.274396364184634,0.17554579593915087,2
762,0.4070844961743433,0.6395656452644931,0.16772136903095183,0.5958882311756095,2
884,0.4349133548233564,0.627565510557649,0.1774700066771491,0.630104476390518,2
424,0.6479458278346278,0.75470257851351,0.23169052491007391,0.830102657828455,1
480,0.5761504013153625,0.49399881008954266,0.5374631141361708,0.7158160342617093,1
496,0.7512638008495051,0.36213689957230577,0.4158399207357788,0.8745464960855451,1
1349,0.3935270319970578,0.43468776076064464,0.30130312102871176,0.8592614819462251,2
412,0.7801887949000859,0.8813008190924501,0.05938785620436385,0.4560862725842676,1
1165,0.23341914919700874,0.6061957664632344,0.2570487001098499,0.6784236704038117,2
88,0.8049239556065164,0.41076232848263966,0.31691903418269546,0.8385680642316121,1
998,0.2852476040066634,0.2670525768296744,0.68178430654576,0.6961801103867172,2
819,0.3973418716511983,0.3246622038788088,0.5153897516531329,0.7931822108259,2
323,0.7879266454651004,0.8905918494875527,0.0584272083055119,0.40611218709366503,1
766,0.25052463059515834,0.20805097905682762,0.6620759471859048,0.8652581903488912,2
321,0.7771960567971212,0.8742549027678514,0.05957309324315593,0.4727806723223947,1
60,0.7161009309939497,0.5320942798235341,0.42547655459107847,0.7550869727306618,1
926,0.49099221888093236,0.6366245458321328,0.09559954336916021,0.5246369695481783,2
836,0.44324326273355985,0.6277189266858001,0.07234583324358673,0.4639606463169572,2
979,0.6289798008206593,0.6727821079376008,0.03214939582570489,0.5596715676914263,2
296,0.5115836271985809,0.7792491590176878,0.13922932776186273,0.49077534393555017,1
271,0.8966387584824295,0.8893532948919913,0.06366984728713895,0.4713712867235877,1
46,0.6581427716360543,0.7632976235467563,0.2485588127598165,0.576011347827273,1
1110,0.22693608521010467,0.6581477060546985,0.21423137398496567,0.4299808141702356,2
1133,0.3632751371972107,0.49686357564350586,0.2851401124345747,0.9276939723760422,2
360,0.7037045049722722,0.3581892406650028,0.4082753570120835,0.7927121125326204,1
16,0.7005170586071869,0.6300426197487717,0.24372369526353202,0.8305727561217345,1
493,0.71036064296995,0.9383678769078793,0.08386068451547593,0.37542395228093145,1
815,0.28335821272238215,0.2593892541356872,0.6903870592543133,0.6847795448139157,2
193,0.8559447316992264,0.6301960358769229,0.2572701229887781,0.850678778290006,1
1342,0.38178684493289783,0.29748135619857285,0.48058241971266724,0.8874764723533103,2
867,0.03848733314583652,0.8435155492858666,0.2377069377732785,0.419287669239932,2
806,0.06070570927893043,0.8401852967479523,0.22811010834212853,0.4405648453767606,2
539,0.8141401466802243,0.5708090268553061,0.2068860792211429,0.8639651927221146,1
438,0.8000706718877327,0.7279146257956123,0.14288237448036706,0.7796611109595643,1
140,0.6586331479999136,0.5506770889850962,0.4237749585370582,0.8894768906225847,1
1222,0.5295278685214432,0.5218733980175643,0.1521485342580826,0.8217545486783601,2
889,0.41361082866394083,0.5248156200069599,0.26055528033256514,0.9387417369086264,2
467,0.7223171725475774,0.850640044602933,0.10268593706248522,0.6828973330787347,1
1038,0.45673005502311265,0.30731495582738066,0.4021108406746075,0.8593796884803186,2
1111,0.048619374193222764,0.8150998888668535,0.24601201886833096,0.48441946952544623,2
265,0.6227851935183784,0.6914427477202738,0.28698386714627266,0.7847169862789493,1
262,0.6384628143276436,0.8000014967427137,0.18555151097421763,0.5529701664893569,1
1246,0.3307155889203788,0.34486823051334536,0.5057186550929417,0.7721360829991726,2
1016,0.363303982865673,0.16484750062676107,0.6297800848644108,0.7679032888694909,2
755,0.8475939106793877,0.5930319142965123,0.2160768518319082,0.8898315102248652,1
1283,0.51895737331343,0.5197828226322466,0.1552458698602107,0.8313956554552315,2
3,0.7571050487131227,0.871699214584261,0.054920628082796685,0.45043963737872467,1
473,0.7112620701093972,0.7889293425183445,0.19245395998018397,0.6064722623821345,1
661,0.49918438872422827,0.772588653941859,0.2673465871152563,0.7164043390890823,1
139,0.49296526260375434,0.8603950652392731,0.06813707540870614,0.1580239504623694,1
1091,0.3845127606025861,0.1864492398417943,0.5712021022249985,0.7359220564299809,2
515,0.9317367255839446,0.7376696464319525,0.10475369935597822,0.7219300399174373,1
342,0.7986644455501952,0.5240414298383144,0.26609171387339264,0.8847759076897896,1
1080,0.48831534084763006,0.6376311053070755,0.07452129148986583,0.49641288633077824,2
940,0.5214417065097463,0.5416180537106123,0.20566825338703773,0.7777798085054147,2
51,0.8872999733177568,0.6644227998817573,0.16063497533762683,0.8691362739481892,1
530,0.9205229719692218,0.7335648295397142,0.12391065543756868,0.7549696754775999,1
434,0.9136360686238454,0.8927621264223733,0.04277683244663669,0.43045364030660954,1
537,0.5001564877514081,0.4866430680232145,0.5618971719042799,0.8356283586568101,1
695,0.5435829204797036,0.8979483399252377,0.18045964632649109,0.41211344190148846,1
1210,0.5096389964591943,0.6425853236893211,0.03676309044306117,0.38941778735553795,2
555,0.6729261767229879,0.655053190494187,0.25490770456846235,0.7410949562181184,1
1153,0.3087207667178678,0.12210427058114781,0.6164516337476038,0.599534448111878,2
950,0.3571814897345478,0.4972508578206678,0.3011221918280311,0.9358047591769189,2
359,0.3402274480958254,0.9463417737149529,0.30625282701876066,0.2885330569118998,1
1268,0.22362604475405468,0.033448457793726405,0.7903073642492515,0.4760722696563827,2
255,0.806568158708868,0.37769928193768315,0.3926249811532083,0.9254571410385808,1
390,0.4816729045424717,0.82555089486505,0.14495013677386007,0.47419005792120167,1
720,0.8829154317114858,0.5276033033111691,0.23545566157623798,0.8845394946216028,1
1178,0.3581694538793819,0.5631419623045347,0.20005772503069338,0.6623203033361521,2
371,0.8073181460888881,0.36809767742949406,0.3510629590539988,0.7756634569046256,1
1340,0.20871283415904063,0.7818834261937458,0.2241237211105607,0.19376778781017845,2
158,0.6710584196900534,0.34750249768940344,0.38520257608719066,0.7215772388772198,1
411,0.7966308259236023,0.53255864425045,0.28639369332500486,0.9244023750420542,1
1003,0.23233743662967216,0.02686653171036535,0.9582527408619985,0.5676641479582094,2
1295,0.15125226258212005,0.6388696599026369,0.27350894953367655,0.6459714303899906,2
484,0.8498871413221414,0.5942704688920737,0.23360975294548433,0.9276939723760422,1
146,0.7860805226835126,0.5447151885708726,0.2752450082925884,0.9319221291724633,1
826,0.20416242995911127,0.048625428910333945,0.8726172270446076,0.6510270329250661,2
843,0.4698706992911178,0.506077897974533,0.2080672884313008,0.8154050392354765,2
576,0.5312319263858541,0.8920623992037329,0.17610011415770999,0.40188403029724395,1
837,0.05485003858108156,0.7647681732629366,0.25036767398281173,0.1398019585913418,2
1368,0.40769025521205177,0.3328680958065011,0.5067525362396882,0.808349927712158,2
588,0.48778602283134664,0.8217566520858981,0.09271759967260432,0.5474417378179074,1
290,0.6930099733898709,0.6468435567097105,0.2541693411161609,0.7402720568846214,1
862,0.4182405584521415,0.45110328647281356,0.2050776487819588,0.7581439755585259,2
213,0.5569355804109066,0.6024015236840825,0.4391668641092468,0.8272802495067151,1
1204,0.3079130880009231,0.6380165165558453,0.18743403622891855,0.49123907726160926,2
380,0.6167203917241778,0.5168404883871475,0.49623279557154243,0.7496785691553689,1
99,0.31010535880405865,0.9420835406945635,0.33710987141103244,0.26995644543859176,1
1159,0.322862355681515,0.2987199107941343,0.4867124733452517,0.7815423224856106,2
1200,0.375556180545039,0.26875512166647336,0.4708036271996899,0.8272802495067151,2
504,0.7118966748155681,0.7529214546842434,0.19603420423460488,0.7239286396246488,1
596,0.5550678233779721,0.7092539860129393,0.27369418657246863,0.7389790592578448,1
1371,0.3245281930352134,0.4907467623584175,0.343347620996403,0.8859488802204097,2
39,0.7588285774037458,0.8783597196600896,0.06599607986731859,0.46466988552151817,1
340,0.8678507813570446,0.8096779383865862,0.12641781721842893,0.7118179255662548,1
2,0.7866285903842966,0.4166482692041445,0.3106080513494303,0.78695090791711,1
451,0.9175158110320261,0.8070474130673122,0.11205979279298686,0.6931231075588532,1
1092,0.3955390173723039,0.1456442916103829,0.5770306071897818,0.6790147030742791,2
1232,0.21040751718120138,0.6572197255722234,0.19957783186507855,0.397173954554134,2
608,0.8746078791943406,0.638095095548313,0.1730027785555819,0.8790110659501532,1
420,0.3287036035451327,0.9704206221211089,0.3492148965041894,0.4370368349745856,1
1277,0.5483864454203896,0.5528443724344895,0.12981670148835808,0.7767215872409686,2
846,0.35347482133714103,0.5090975763993609,0.2846231718612015,0.7582621820926194,2
111,0.6173045165105395,0.7284534531725333,0.231801236349538,0.7748403757149223,1
224,0.48184669969495714,0.669377018264003,0.3618756327137227,0.7434472662465789,1
942,0.2641397861093684,0.0,1.0,0.5924784273075279,2
73,0.8082195732283353,0.3862943269709295,0.3846511728089259,0.8761922947525392,1
47,0.4510885634135965,0.8733269222853765,0.06459172464298793,0.09500168216990823,1
638,0.7040794986622823,0.7791705800252201,0.20238309604325072,0.8152877419824145,1
113,0.8120704699680535,0.7704221188638226,0.1725590712301032,0.8464460750884276,1
96,0.7208821005415775,0.5556320557386987,0.2555353565812997,0.8585558798657902,1
1238,0.4289350900345428,0.6017017964654421,0.11899971999052279,0.6458532238558972,2
1147,0.3853276507366463,0.24908792240885774,0.47714907273784657,0.7924775180264965,2
106,0.6746785510820732,0.9144424446298742,0.07570163913240144,0.3437991580057649,1
1041,0.5275447288146594,0.6978712576754837,0.015796842354664303,0.24808823663129564,2
1122,0.3615516085065877,0.6593114235145764,0.20038985934908568,0.6704310901370286,2
1346,0.5984971406731138,0.6977140996905484,0.0,0.24315084063031356,2
