,V64,V72,Class
2522,0.09090909090909093,0.0,0
701,0.12121212121212123,0.0,0
1485,0.40404040404040403,0.0,0
134,0.42424242424242425,0.0,0
61,0.24242424242424243,0.0,0
2396,0.0202020202020202,0.0,0
605,0.010101010101010102,0.0,1
1542,0.393939393939394,0.0,0
1895,0.030303030303030304,0.0,0
655,0.1414141414141414,0.024697336561743343,0
772,0.030303030303030304,0.0024213075060532693,0
1042,0.10101010101010102,0.0,0
2510,0.12121212121212123,0.0,0
995,0.15151515151515152,0.04067796610169492,0
1652,0.8080808080808083,0.0,0
1631,0.6666666666666669,0.0,0
1041,0.0202020202020202,0.0,0
296,0.08080808080808081,0.0,0
573,0.20202020202020202,0.0,0
535,0.7070707070707071,0.05181598062953996,0
1083,0.2976929292929293,0.023244552058111382,0
1676,0.2976929292929293,0.0,0
1856,0.41414141414141414,0.0,0
970,0.7878787878787881,0.0014527845036319614,0
2109,0.0202020202020202,0.0,0
562,0.46464646464646464,0.0,0
634,0.8585858585858587,0.0,0
1822,0.11111111111111112,0.0,0
2394,0.09090909090909093,0.0,0
846,0.060606060606060615,0.0,0
1300,0.3434343434343434,0.049394673123486686,1
775,0.09090909090909093,0.0,0
1005,0.22222222222222224,0.0062953995157385,0
1696,0.1414141414141414,0.0,1
1369,0.030303030303030304,0.0,0
1404,0.5454545454545456,0.0,1
1179,0.29292929292929293,0.0,0
216,0.11111111111111112,0.007263922518159807,0
779,0.1414141414141414,0.0014527845036319614,0
31,0.5757575757575758,0.012106537530266345,0
131,0.20202020202020202,0.0,1
2114,0.24242424242424243,0.0,0
1409,0.29292929292929293,0.0,0
66,0.23232323232323232,0.0024213075060532693,0
630,0.0202020202020202,0.0,0
1319,0.0202020202020202,0.0038740920096852305,0
1185,0.26262626262626265,0.0,0
1195,0.1414141414141414,0.023244552058111382,0
1920,0.060606060606060615,0.0,1
204,0.2976929292929293,0.0,0
2473,0.10101010101010102,0.21791767554479421,0
1492,0.10101010101010102,0.0,0
254,0.6161616161616162,0.0,0
311,0.8484848484848485,0.2474576271186441,0
1540,0.5151515151515152,0.0,0
1901,0.37373737373737376,0.0,0
1884,0.1414141414141414,0.009685230024213077,0
101,0.2976929292929293,0.0,0
850,0.5050505050505052,0.0,0
260,0.35353535353535354,0.0,0
1445,0.16161616161616163,0.0,0
1577,0.12121212121212123,0.0,0
1130,0.20202020202020202,0.0,0
1180,0.48484848484848486,0.0,0
1754,0.2976929292929293,0.0,0
86,0.060606060606060615,0.0,0
2309,0.19191919191919193,0.0,0
1471,0.07070707070707072,0.028087167070217918,0
1516,0.04040404040404041,0.0,0
611,0.2976929292929293,0.0,0
1773,0.2828282828282828,0.0,0
1060,0.08080808080808081,0.0014527845036319614,0
478,0.36363636363636365,0.0,1
600,0.6363636363636365,0.0,0
778,0.5858585858585859,0.0,0
2415,0.9191919191919193,0.0,0
909,0.30303030303030304,0.0,0
1037,0.595959595959596,0.1070217917675545,0
2387,0.04040404040404041,0.0,0
702,0.1414141414141414,0.0,0
54,0.24242424242424243,0.0,0
114,0.12121212121212123,0.0,1
1278,0.46464646464646464,0.0,0
720,0.2976929292929293,0.0014527845036319614,0
2312,0.32323232323232326,0.0,0
1205,0.08080808080808081,0.0,0
20,0.010101010101010102,0.03196125907990315,0
1017,0.13131313131313133,0.0,0
1851,0.18181818181818182,0.0,0
1997,0.29292929292929293,0.0,0
1051,0.09090909090909093,0.0,0
2393,0.10101010101010102,0.0,0
1924,0.04040404040404041,0.0014527845036319614,0
831,0.010101010101010102,0.0,0
312,0.8484848484848485,0.17239709443099277,0
1807,0.07070707070707072,0.0,0
2220,0.060606060606060615,0.0711864406779661,0
1280,0.30303030303030304,0.0,0
1182,0.2828282828282828,0.0,0
218,0.15151515151515152,0.0,0
1089,0.6161616161616162,0.007263922518159807,0
1022,0.10101010101010102,0.012106537530266345,0
1067,0.04040404040404041,0.0,0
250,0.2976929292929293,0.06876513317191284,0
1353,0.030303030303030304,0.0,0
450,0.18181818181818182,0.0,0
1829,0.27272727272727276,0.12058111380145281,0
988,0.050505050505050504,0.0,0
1663,0.36363636363636365,0.0,0
781,0.1414141414141414,0.0,0
2529,0.060606060606060615,0.0,0
397,0.08080808080808081,0.0,0
533,0.9191919191919193,0.023244552058111382,0
192,0.2976929292929293,0.008716707021791769,0
2303,0.41414141414141414,0.0,0
614,0.1717171717171717,0.0,1
2398,0.42424242424242425,0.008716707021791769,0
882,0.2828282828282828,0.0024213075060532693,0
2260,0.030303030303030304,0.0,0
1391,0.21212121212121213,0.0,0
550,0.7979797979797981,0.0,0
949,0.1717171717171717,0.0,0
2217,0.08080808080808081,0.0,0
1805,0.0202020202020202,0.0,0
1904,0.09090909090909093,0.0,0
1032,0.04040404040404041,0.0,0
1356,0.030303030303030304,0.0,0
2156,0.13131313131313133,0.0,0
156,0.7272727272727273,0.0,0
2032,0.32323232323232326,0.0,0
42,0.1717171717171717,0.0,0
471,0.33333333333333337,0.0,0
277,0.2976929292929293,0.0,1
372,0.20202020202020202,0.020823244552058112,0
112,0.13131313131313133,0.0,1
147,0.43434343434343436,0.0,0
1882,0.26262626262626265,0.0,0
1107,0.030303030303030304,0.0,0
890,0.19191919191919193,0.0,0
1077,0.5656565656565656,0.027118644067796616,0
226,0.19191919191919193,0.08861985472154965,0
820,0.48484848484848486,0.0014527845036319614,0
178,0.4444444444444445,0.022276029055690077,0
1926,0.10101010101010102,0.0,0
2226,0.16161616161616163,0.0,0
1984,0.2828282828282828,0.004842615012106539,0
468,0.04040404040404041,0.0,0
125,0.050505050505050504,0.0,0
2367,0.6868686868686869,0.0,0
336,0.2828282828282828,0.0440677966101695,0
1790,0.5151515151515152,0.0,0
369,0.13131313131313133,0.0,0
1371,0.060606060606060615,0.0,0
1330,0.23232323232323232,0.22518159806295404,0
136,0.6161616161616162,0.0,1
833,0.4444444444444445,0.0,1
309,0.010101010101010102,0.0,0
301,0.2976929292929293,0.0,0
1453,0.37373737373737376,0.0,0
2230,0.5454545454545456,0.0014527845036319614,0
306,0.2976929292929293,0.024697336561743343,0
84,0.16161616161616163,0.0,0
2320,0.060606060606060615,0.0,0
547,0.6565656565656567,0.0,0
261,0.18181818181818182,0.0,1
565,0.393939393939394,0.0,0
1287,0.1717171717171717,0.0,0
357,0.2976929292929293,0.0,0
2231,0.37373737373737376,0.004842615012106539,0
828,0.10101010101010102,0.0,0
2224,0.5050505050505052,0.0,0
1166,0.41414141414141414,0.0,0
923,0.0202020202020202,0.0,1
1643,0.27272727272727276,0.0014527845036319614,0
1853,0.6464646464646466,0.0,0
320,0.16161616161616163,0.0,0
708,0.04040404040404041,0.0,0
1658,0.46464646464646464,0.0,0
1458,0.27272727272727276,0.0014527845036319614,0
947,0.07070707070707072,0.0,1
2183,0.4444444444444445,0.23147699757869253,0
1722,0.0202020202020202,0.0,0
1201,0.5757575757575758,0.0,0
2469,0.050505050505050504,0.0,0
602,0.5555555555555557,0.0,0
246,0.2828282828282828,0.0014527845036319614,0
2030,0.29292929292929293,0.0,0
824,0.030303030303030304,0.0,0
2284,0.8383838383838385,0.0,0
1283,0.24242424242424243,0.0,0
965,0.20202020202020202,0.0,1
115,0.1717171717171717,0.0,0
2166,0.0202020202020202,0.0,0
87,0.08080808080808081,0.0,0
927,0.25252525252525254,0.0,0
1971,0.7676767676767678,0.0,0
382,0.20202020202020202,0.0,0
1116,0.8080808080808083,0.0,0
520,0.8787878787878789,0.08232445520581115,0
2225,0.11111111111111112,0.0,0
1864,0.41414141414141414,0.0,0
912,0.4545454545454546,0.0,1
485,0.22222222222222224,0.0,0
543,0.494949494949495,0.0062953995157385,0
1718,0.6666666666666669,0.0,0
787,0.10101010101010102,0.0014527845036319614,0
475,0.3434343434343434,0.05181598062953996,0
582,0.15151515151515152,0.0,1
726,0.1717171717171717,0.0,0
679,0.08080808080808081,0.11186440677966103,0
2302,0.8787878787878789,0.0440677966101695,0
1980,0.11111111111111112,0.0014527845036319614,0
1768,0.42424242424242425,0.02566585956416465,0
1253,0.27272727272727276,0.0,0
1294,0.1414141414141414,0.0,0
2400,0.31313131313131315,0.0024213075060532693,0
522,0.6060606060606061,0.0024213075060532693,0
2258,0.07070707070707072,0.0,0
1685,0.09090909090909093,0.0,0
983,0.31313131313131315,0.0,0
1578,0.04040404040404041,0.0,0
2481,0.47474747474747475,0.0,0
2311,0.15151515151515152,0.0,0
1362,0.15151515151515152,0.0,0
154,0.11111111111111112,0.0,0
2456,0.10101010101010102,0.0,0
1272,0.20202020202020202,0.0,0
1748,0.010101010101010102,0.0,0
566,0.2828282828282828,0.0,0
394,0.07070707070707072,0.0,0
1595,0.5353535353535355,0.028087167070217918,0
1842,0.48484848484848486,0.0024213075060532693,0
203,0.43434343434343436,0.0,0
1428,0.6464646464646466,0.18934624697336563,0
652,0.04040404040404041,0.0,0
1713,0.07070707070707072,0.0,0
1547,0.0202020202020202,0.0,0
1818,0.08080808080808081,0.0,0
1383,0.11111111111111112,0.0,0
1629,0.2976929292929293,0.009685230024213077,0
737,0.08080808080808081,0.0,0
186,0.1414141414141414,0.0,0
2357,0.5050505050505052,0.009685230024213077,0
2290,0.4545454545454546,0.0,0
990,0.010101010101010102,0.0,1
2025,0.41414141414141414,0.0,0
486,0.20202020202020202,0.0,1
1023,0.4545454545454546,0.011138014527845038,0
879,0.21212121212121213,0.05520581113801453,0
1234,0.5050505050505052,0.0,0
761,0.08080808080808081,0.0,0
1907,0.2976929292929293,0.0,0
842,0.4545454545454546,0.0,0
898,0.7171717171717172,0.0,0
1155,0.8888888888888891,0.22372881355932206,0
2364,0.04040404040404041,0.0,0
1781,0.5757575757575758,0.09249394673123487,0
1732,0.5555555555555557,0.07360774818401938,0
185,0.09090909090909093,0.0,0
1488,0.07070707070707072,0.0,0
685,0.0202020202020202,0.0,0
1432,0.5151515151515152,0.04067796610169492,0
1273,0.1414141414141414,0.0,0
1227,0.3434343434343434,0.004842615012106539,0
210,0.11111111111111112,0.0,0
764,0.6363636363636365,0.0,0
489,0.21212121212121213,0.11912832929782084,0
297,0.23232323232323232,0.0,0
811,0.4444444444444445,0.0,0
1692,0.8989898989898991,0.015980629539951576,0
1850,0.5151515151515152,0.0,0
1286,0.41414141414141414,0.0,0
1548,0.40404040404040403,0.0,1
1689,0.2976929292929293,0.0639225181598063,0
374,0.07070707070707072,0.0,0
517,0.26262626262626265,0.0,0
2192,0.6565656565656567,0.012106537530266345,0
2467,0.08080808080808081,0.0,0
68,0.15151515151515152,0.0,0
2221,0.37373737373737376,0.0024213075060532693,0
1174,0.0202020202020202,0.0,0
1360,0.8080808080808083,0.26053268765133175,0
1615,0.22222222222222224,0.0,0
1001,0.07070707070707072,0.0,0
1945,0.22222222222222224,0.0,0
1964,0.030303030303030304,0.0,0
525,0.2976929292929293,0.23631961259079906,0
1866,0.5757575757575758,0.0,0
1777,0.47474747474747475,0.0,0
2236,0.08080808080808081,0.0,0
637,0.030303030303030304,0.0,0
38,0.21212121212121213,0.0,0
2361,0.6262626262626264,0.0,0
561,0.6464646464646466,0.0,0
1837,0.5050505050505052,0.0024213075060532693,0
960,0.25252525252525254,0.0,1
1039,0.8888888888888891,0.2484261501210654,0
2496,0.3434343434343434,0.0,0
1415,0.9191919191919193,0.027118644067796616,0
2278,0.595959595959596,0.0,0
1402,0.18181818181818182,0.012106537530266345,0
130,0.13131313131313133,0.0,1
1573,0.26262626262626265,0.0,0
999,0.9292929292929295,0.0014527845036319614,0
76,0.16161616161616163,0.0,0
1397,0.060606060606060615,0.0,1
1018,0.12121212121212123,0.0,0
1843,0.11111111111111112,0.04697336561743342,0
700,0.10101010101010102,0.0,0
2299,0.42424242424242425,0.2421307506053269,0
482,0.050505050505050504,0.0,0
233,0.0,0.0,0
2402,0.6060606060606061,0.027118644067796616,0
1135,0.050505050505050504,0.0014527845036319614,0
1504,0.1414141414141414,0.0,0
724,0.0202020202020202,0.0,0
2194,0.030303030303030304,0.0,0
2092,0.11111111111111112,0.0,0
472,0.04040404040404041,0.0,0
347,0.48484848484848486,0.0,0
1213,0.21212121212121213,0.0,0
1849,0.6262626262626264,0.08958837772397096,0
316,0.0202020202020202,0.0,0
386,0.010101010101010102,0.0,0
1597,0.6565656565656567,0.029539951573849883,0
36,0.31313131313131315,0.0,0
1567,0.46464646464646464,0.0,0
1327,0.7676767676767678,0.049394673123486686,0
143,0.48484848484848486,0.0,0
1361,0.7676767676767678,0.01801578692493947,0
2200,0.5858585858585859,0.007263922518159807,0
1641,0.47474747474747475,0.06779661016949153,0
893,0.050505050505050504,0.0,0
2447,0.35353535353535354,0.0024213075060532693,0
1260,0.43434343434343436,0.0,0
1505,0.07070707070707072,0.0,0
1334,0.4444444444444445,0.0837772397094431,0
953,0.8080808080808083,0.019854721549636804,0
1430,0.07070707070707072,0.0,0
1582,0.27272727272727276,0.0,0
1216,0.010101010101010102,0.0,1
866,0.030303030303030304,0.0,0
1142,0.11111111111111112,0.017433414043583537,0
1289,0.5454545454545456,0.05278450363196127,0
2243,0.1414141414141414,0.007263922518159807,0
1129,0.030303030303030304,0.02566585956416465,0
1720,0.5757575757575758,0.08135593220338984,0
1341,0.5555555555555557,0.0,1
911,0.25252525252525254,0.0,0
161,0.22222222222222224,0.0,0
1673,0.5151515151515152,0.0,0
865,0.24242424242424243,0.020823244552058112,0
1830,0.20202020202020202,0.0,0
1164,0.20202020202020202,0.0,0
1276,0.31313131313131315,0.0,0
791,0.7373737373737375,0.0440677966101695,0
753,0.5454545454545456,0.0,0
2095,0.09090909090909093,0.0,0
69,0.15151515151515152,0.0,0
817,0.32323232323232326,0.0,0
332,0.10101010101010102,0.0,0
653,0.030303030303030304,0.0,0
1148,0.04040404040404041,0.0,1
870,0.010101010101010102,0.0,1
2198,0.5656565656565656,0.0,0
1450,0.030303030303030304,0.0,0
150,0.08080808080808081,0.0,0
2340,0.8080808080808083,0.0,0
1014,0.37373737373737376,0.0,0
941,0.48484848484848486,0.0,1
986,0.0,0.0,0
169,0.35353535353535354,0.0,0
956,0.050505050505050504,0.0,0
1611,0.12121212121212123,0.0,0
1169,0.8686868686868687,0.06295399515738499,0
1209,0.46464646464646464,0.05278450363196127,0
651,0.050505050505050504,0.0,0
65,0.8181818181818182,0.0024213075060532693,0
910,0.1717171717171717,0.0,0
883,0.393939393939394,0.0,0
929,0.2976929292929293,0.028087167070217918,0
1109,0.4444444444444445,0.0,0
1152,0.43434343434343436,0.019854721549636804,0
1256,0.050505050505050504,0.0,0
473,0.2976929292929293,0.0,0
166,0.2976929292929293,0.0,0
795,0.42424242424242425,0.011138014527845038,0
509,0.46464646464646464,0.0038740920096852305,0
733,0.24242424242424243,0.0,0
499,0.2976929292929293,0.0,0
171,0.23232323232323232,0.012106537530266345,0
334,0.2976929292929293,0.0014527845036319614,0
48,0.16161616161616163,0.004842615012106539,0
1596,0.38383838383838387,0.022276029055690077,0
1033,0.26262626262626265,0.059079903147699765,0
97,0.0202020202020202,0.0,0
2042,0.6363636363636365,0.022276029055690077,0
1688,0.8989898989898991,0.0,0
173,0.7777777777777779,0.07263922518159807,0
2287,0.7878787878787881,0.0,0
283,0.060606060606060615,0.028087167070217918,0
2190,0.11111111111111112,0.0,0
2189,0.04040404040404041,0.0,0
1917,0.393939393939394,0.047941888619854725,0
944,0.41414141414141414,0.0,0
1299,0.5353535353535355,0.0,1
1714,0.10101010101010102,0.0,0
1536,0.8787878787878789,0.047941888619854725,0
2377,0.2976929292929293,0.03583535108958838,0
1724,0.060606060606060615,0.0,0
657,0.09090909090909093,0.0,0
2193,0.31313131313131315,0.0,0
656,0.13131313131313133,0.0,0
752,0.30303030303030304,0.0,0
2211,0.5656565656565656,0.012106537530266345,0
1075,0.050505050505050504,0.12300242130750606,0
2107,0.07070707070707072,0.0,0
138,0.5757575757575758,0.0,1
2034,0.26262626262626265,0.0,0
1703,0.5757575757575758,0.0014527845036319614,0
631,0.2976929292929293,0.0,0
1293,0.6060606060606061,0.0,0
1802,0.0202020202020202,0.08135593220338984,0
2490,0.595959595959596,0.0,0
2422,0.010101010101010102,0.0,0
1695,0.16161616161616163,0.0,1
457,0.35353535353535354,0.0,0
2150,0.31313131313131315,0.0,0
1461,0.23232323232323232,0.0,0
650,0.050505050505050504,0.0,0
2096,0.04040404040404041,0.0,0
725,0.2828282828282828,0.04697336561743342,0
172,0.40404040404040403,0.0,0
1366,0.5555555555555557,0.3714285714285715,0
1739,0.0202020202020202,0.9888619854721552,0
644,0.5252525252525254,0.02566585956416465,0
1977,0.19191919191919193,0.08958837772397096,0
2199,0.2976929292929293,0.049394673123486686,0
2014,0.33333333333333337,0.0,0
1806,0.09090909090909093,0.0,0
2044,0.7676767676767678,0.0,0
1985,0.41414141414141414,0.04552058111380146,0
2171,0.07070707070707072,0.011138014527845038,0
2430,0.09090909090909093,0.0,0
624,0.9090909090909093,0.12300242130750606,0
2128,0.23232323232323232,0.0,0
1476,0.08080808080808081,0.0,0
1412,0.060606060606060615,0.009685230024213077,0
1928,0.5353535353535355,0.0,0
1472,0.5656565656565656,0.0,0
1157,0.060606060606060615,0.0,0
740,0.6565656565656567,0.0,0
1198,0.12121212121212123,0.0,0
1048,0.04040404040404041,0.0,0
568,0.35353535353535354,0.0,0
1757,0.30303030303030304,0.0,0
151,0.030303030303030304,0.0,0
1194,0.09090909090909093,0.0,0
1660,0.5454545454545456,0.10217917675544795,0
1212,0.32323232323232326,0.08958837772397096,0
918,0.33333333333333337,0.0,0
617,0.0202020202020202,0.0,0
1080,0.16161616161616163,0.0,0
282,0.04040404040404041,0.0,0
1538,0.010101010101010102,0.0,0
474,0.19191919191919193,0.0,0
2347,0.6262626262626264,0.18305084745762712,0
1095,0.5555555555555557,0.008716707021791769,0
863,0.010101010101010102,0.0,0
446,0.37373737373737376,0.049394673123486686,0
2470,0.12121212121212123,0.06779661016949153,0
1108,0.22222222222222224,0.020823244552058112,0
1599,0.40404040404040403,0.0,0
1296,0.030303030303030304,0.0,0
2148,0.5858585858585859,0.14140435835351092,0
1165,0.5858585858585859,0.0014527845036319614,0
408,0.2976929292929293,0.0,0
1270,0.393939393939394,0.0,0
654,0.3434343434343434,0.0,0
121,0.15151515151515152,0.0,0
137,0.5858585858585859,0.0,1
2038,0.5656565656565656,0.0,1
2525,0.10101010101010102,0.0,0
2063,0.030303030303030304,0.0,0
528,0.12121212121212123,0.0,0
1523,0.24242424242424243,0.0038740920096852305,0
586,0.010101010101010102,0.0,0
346,0.0202020202020202,0.0014527845036319614,0
1016,0.38383838383838387,0.0,0
519,0.47474747474747475,0.0014527845036319614,0
302,0.2976929292929293,0.0,0
2265,0.2976929292929293,0.0,0
2253,0.40404040404040403,0.0,0
37,0.21212121212121213,0.0,0
2476,0.04040404040404041,0.0,0
98,0.060606060606060615,0.0,0
1482,0.8080808080808083,0.0024213075060532693,0
2384,0.12121212121212123,0.0,1
2330,0.24242424242424243,0.0,0
2355,0.36363636363636365,0.0,0
598,0.10101010101010102,0.0,0
854,0.1414141414141414,0.0,0
1630,0.2976929292929293,0.0,0
868,0.050505050505050504,0.0,1
666,0.04040404040404041,0.0,0
459,0.5757575757575758,0.0,0
1274,0.37373737373737376,0.0,0
1375,0.1414141414141414,0.0,0
852,0.15151515151515152,0.0,1
2045,0.6161616161616162,0.06537530266343827,0
162,0.11111111111111112,0.0,0
2053,0.04040404040404041,0.0,0
286,0.7474747474747475,0.151089588377724,0
2499,0.18181818181818182,0.0,0
241,0.04040404040404041,0.0,1
1162,0.07070707070707072,0.0,0
453,0.42424242424242425,0.0038740920096852305,0
140,0.5252525252525254,0.0,0
2403,0.9494949494949495,0.0,0
674,0.13131313131313133,0.0,0
1069,0.08080808080808081,0.007263922518159807,0
1236,0.060606060606060615,0.0,0
1511,0.0202020202020202,0.0,0
542,0.33333333333333337,0.008716707021791769,0
258,0.6767676767676769,0.0,0
1374,0.08080808080808081,0.0,0
1473,0.35353535353535354,0.0,0
422,0.04040404040404041,0.0,0
152,0.0202020202020202,0.0,0
587,0.36363636363636365,0.030992736077481844,0
2068,0.9191919191919193,0.0,0
759,0.37373737373737376,0.0,0
954,0.5353535353535355,0.0,1
1354,0.07070707070707072,0.0,0
1407,0.15151515151515152,0.0,0
1251,0.030303030303030304,0.0,1
1697,0.33333333333333337,0.0,1
1181,0.22222222222222224,0.0,0
521,0.7575757575757577,0.02566585956416465,0
985,0.21212121212121213,0.0014527845036319614,0
2495,0.8484848484848485,0.059079903147699765,0
435,0.07070707070707072,0.0,0
163,0.5252525252525254,0.0,0
392,0.2976929292929293,0.0,0
2417,0.7171717171717172,0.0,0
834,0.21212121212121213,0.0,1
1846,0.5555555555555557,0.0,0
1817,0.12121212121212123,0.0,0
1973,0.0202020202020202,0.0,0
2358,0.7777777777777779,0.0,0
1859,0.41414141414141414,0.06150121065375303,0
1057,0.0202020202020202,0.04552058111380146,0
2404,0.6262626262626264,0.0,0
280,0.010101010101010102,0.0,0
599,0.030303030303030304,0.0,0
1682,0.0202020202020202,0.0024213075060532693,0
1076,0.38383838383838387,0.0,0
2000,0.38383838383838387,0.21162227602905573,0
1028,0.060606060606060615,0.0,0
1803,0.04040404040404041,0.0024213075060532693,0
95,0.04040404040404041,0.0,0
1591,0.07070707070707072,0.0,0
642,0.23232323232323232,0.0,0
1464,0.27272727272727276,0.0,0
223,0.20202020202020202,0.14624697336561746,0
78,0.2976929292929293,0.0,0
1898,0.20202020202020202,0.0,0
462,0.33333333333333337,0.0,0
945,0.33333333333333337,0.0,0
2037,0.8585858585858587,0.0,0
1240,0.5252525252525254,0.008716707021791769,0
393,0.6464646464646466,0.0,0
2325,0.9595959595959597,0.0,0
2506,0.48484848484848486,0.0,0
376,0.42424242424242425,0.0,0
1730,0.09090909090909093,0.1278450363196126,0
1264,0.21212121212121213,0.011138014527845038,0
491,0.6464646464646466,0.2852300242130751,0
2246,0.060606060606060615,0.0,0
1376,0.13131313131313133,0.0,0
2424,0.0202020202020202,0.0,0
2425,0.030303030303030304,0.009685230024213077,0
1711,0.0,0.0,1
815,0.04040404040404041,0.0,0
2301,0.46464646464646464,0.2213075060532688,0
1073,0.19191919191919193,0.0,0
2237,0.04040404040404041,0.0,0
448,0.6565656565656567,0.011138014527845038,0
2531,0.050505050505050504,0.0,0
2143,0.22222222222222224,0.0,0
1484,0.9696969696969697,0.007263922518159807,0
2288,0.050505050505050504,0.012106537530266345,0
1553,0.595959595959596,0.0,0
19,0.1414141414141414,0.0,0
584,0.09090909090909093,0.028087167070217918,1
676,0.1414141414141414,0.0,0
696,0.030303030303030304,0.0,0
2487,0.20202020202020202,0.0,0
303,0.42424242424242425,0.0,0
2210,0.9191919191919193,0.0,0
1999,0.36363636363636365,0.05665859564164649,0
1004,0.1414141414141414,0.0,0
2087,0.010101010101010102,0.0,0
721,0.08080808080808081,0.0,0
2433,0.0202020202020202,0.0038740920096852305,0
1762,0.1717171717171717,0.0,0
980,0.04040404040404041,0.0,0
1433,0.11111111111111112,0.0,0
2371,0.37373737373737376,0.0,0
1740,0.2976929292929293,0.0,0
503,0.21212121212121213,0.0,0
2348,0.8181818181818182,0.09104116222760292,0
608,0.1414141414141414,0.0,0
145,0.5757575757575758,0.0,0
648,0.030303030303030304,0.0,0
887,0.5656565656565656,0.029539951573849883,0
2485,0.10101010101010102,0.0,0
1202,0.11111111111111112,0.0038740920096852305,0
901,0.6060606060606061,0.0,0
2307,0.2976929292929293,0.0,0
1091,0.0202020202020202,0.0,0
2085,0.7777777777777779,0.4426150121065376,0
2179,0.21212121212121213,0.0,0
244,0.5353535353535355,0.0,0
1804,0.43434343434343436,0.0,0
2334,0.25252525252525254,0.32348668280871673,0
840,0.8484848484848485,0.0,0
578,0.29292929292929293,0.0014527845036319614,0
2134,0.04040404040404041,0.0,0
240,0.13131313131313133,0.0,1
758,0.10101010101010102,0.0,0
2274,0.030303030303030304,0.0,0
1833,0.13131313131313133,0.0,0
274,0.6666666666666669,0.0,0
344,0.2976929292929293,0.0,0
2452,0.010101010101010102,0.0,0
55,0.20202020202020202,0.0,0
205,0.27272727272727276,0.0,0
907,0.35353535353535354,0.0,0
1145,0.010101010101010102,0.0,0
1998,0.27272727272727276,0.022276029055690077,0
2354,0.18181818181818182,0.0,0
1441,0.11111111111111112,0.0,0
692,0.010101010101010102,0.0,0
67,0.26262626262626265,0.0,0
2365,0.09090909090909093,0.0,1
2407,0.2828282828282828,0.0,0
57,0.5252525252525254,0.0,0
718,0.2976929292929293,0.0,0
1349,0.48484848484848486,0.0,0
1021,0.0202020202020202,0.0,0
1584,0.5454545454545456,0.11186440677966103,0
1189,0.060606060606060615,0.0,0
2123,0.20202020202020202,0.2484261501210654,0
1618,0.19191919191919193,0.0,0
1717,0.47474747474747475,0.0,0
741,0.030303030303030304,0.0,0
177,0.29292929292929293,0.0,0
1410,0.25252525252525254,0.0,0
2341,0.3434343434343434,0.1351089588377724,0
603,0.5151515151515152,0.0,0
580,0.0,0.0,1
962,0.7171717171717172,0.030992736077481844,1
2149,0.47474747474747475,0.0,0
305,0.19191919191919193,0.0038740920096852305,0
2122,0.060606060606060615,0.03196125907990315,0
2075,0.1414141414141414,0.0,0
523,0.7878787878787881,0.011138014527845038,0
2196,0.30303030303030304,0.11670702179176758,0
1512,0.050505050505050504,0.0,0
2480,0.0202020202020202,0.0,0
1633,0.33333333333333337,0.0,0
769,0.13131313131313133,0.0,0
367,0.20202020202020202,0.0038740920096852305,0
2120,0.09090909090909093,0.0,0
1309,0.37373737373737376,0.0,0
428,0.2976929292929293,0.0,0
83,0.08080808080808081,0.0,0
2036,0.43434343434343436,0.024697336561743343,0
1960,0.7171717171717172,0.0,0
816,0.010101010101010102,0.0,0
2074,0.12121212121212123,0.0,0
916,0.12121212121212123,0.0,0
2,0.595959595959596,0.0,0
933,0.19191919191919193,0.0,0
747,0.4444444444444445,0.0,0
1082,0.2828282828282828,0.03680387409200969,0
1937,0.20202020202020202,0.0,0
531,0.38383838383838387,0.05665859564164649,0
200,0.1414141414141414,0.0,0
1588,0.060606060606060615,0.0,1
1422,0.10101010101010102,0.0014527845036319614,0
391,0.5454545454545456,0.0,0
2516,0.24242424242424243,0.0,0
1728,0.030303030303030304,0.0,1
572,0.2976929292929293,0.0,0
1044,0.41414141414141414,0.06295399515738499,0
2052,0.08080808080808081,0.0,0
2432,0.0202020202020202,0.0062953995157385,0
1303,0.8989898989898991,0.0,0
124,0.12121212121212123,0.0,0
1019,0.09090909090909093,0.0837772397094431,0
1636,0.8585858585858587,0.0,0
1252,0.04040404040404041,0.0,1
40,0.37373737373737376,0.09975786924939468,0
2168,0.13131313131313133,0.0024213075060532693,0
938,0.2976929292929293,0.0,0
848,0.050505050505050504,0.0,0
1852,0.24242424242424243,0.0,0
2176,0.48484848484848486,0.0,0
1715,0.26262626262626265,0.0,0
2372,0.41414141414141414,0.0,0
1114,0.595959595959596,0.0,0
2147,0.10101010101010102,0.0,0
1982,0.10101010101010102,0.0,0
317,0.2976929292929293,0.0038740920096852305,0
1500,0.46464646464646464,0.0,0
2252,0.8080808080808083,0.012106537530266345,0
414,0.0202020202020202,0.0,0
1528,0.060606060606060615,0.0,0
1031,0.050505050505050504,0.0,0
2118,0.27272727272727276,0.0,0
2061,0.3434343434343434,0.0,0
2518,0.11111111111111112,0.05665859564164649,0
2129,0.060606060606060615,0.013559322033898308,0
1867,0.5656565656565656,0.008716707021791769,0
1386,0.1414141414141414,0.0014527845036319614,0
396,0.050505050505050504,0.0,0
1304,0.7676767676767678,0.0,0
51,0.19191919191919193,0.17336561743341405,0
1672,0.2976929292929293,0.0,0
245,0.393939393939394,0.0062953995157385,0
2478,0.04040404040404041,0.0,0
694,0.010101010101010102,0.0,0
1943,0.13131313131313133,0.0,0
1560,0.4545454545454546,0.0,0
1574,0.0202020202020202,0.0,0
201,0.5858585858585859,0.0,0
1525,0.09090909090909093,0.0014527845036319614,0
1698,0.6060606060606061,0.04067796610169492,0
1894,0.0202020202020202,0.0,0
1680,0.48484848484848486,0.0,0
1384,0.12121212121212123,0.0,0
1885,0.48484848484848486,0.0,0
2167,0.030303030303030304,0.0,0
251,0.696969696969697,0.017433414043583537,0
626,0.010101010101010102,0.0,0
2209,0.8686868686868687,0.06779661016949153,0
456,0.2976929292929293,0.0,0
2259,0.030303030303030304,0.0,0
2411,0.060606060606060615,0.0,0
1745,0.5151515151515152,0.2852300242130751,0
102,0.08080808080808081,0.0,0
160,0.1414141414141414,0.050363196125908,0
1668,0.9696969696969697,0.012106537530266345,0
1923,0.38383838383838387,0.0,0
1313,0.36363636363636365,0.0,0
577,0.33333333333333337,0.0,0
44,0.43434343434343436,0.007263922518159807,0
230,0.4545454545454546,0.0,0
212,0.2976929292929293,0.0,0
117,0.1717171717171717,0.0024213075060532693,0
1657,0.5454545454545456,0.0,0
128,0.48484848484848486,0.0,0
2152,0.12121212121212123,0.0,0
796,0.07070707070707072,0.0,0
1223,0.060606060606060615,0.0,0
401,0.46464646464646464,0.012106537530266345,0
398,0.0202020202020202,0.0,0
294,0.19191919191919193,0.0,0
339,0.7777777777777779,0.275544794188862,0
1674,0.6767676767676769,0.07748184019370462,0
1808,0.27272727272727276,0.0,0
884,0.2976929292929293,0.0,0
1621,0.36363636363636365,0.0,0
1886,0.030303030303030304,0.0,0
299,0.47474747474747475,0.1845036319612591,0
1320,0.16161616161616163,0.19418886198547217,0
313,0.6161616161616162,0.0014527845036319614,0
783,0.42424242424242425,0.0,0
664,0.1414141414141414,0.0,1
939,0.33333333333333337,0.0,1
2474,0.4545454545454546,0.13171912832929786,0
1916,0.38383838383838387,0.0,0
1772,0.9393939393939394,0.0,0
1743,0.20202020202020202,0.0,0
1727,0.030303030303030304,0.0,0
2102,0.9090909090909093,0.0038740920096852305,0
1934,0.13131313131313133,0.0,0
497,0.8686868686868687,0.0,0
1586,0.11111111111111112,0.0,0
300,0.18181818181818182,0.0,0
1905,0.16161616161616163,0.0,1
1909,0.2976929292929293,0.0,0
2062,0.0202020202020202,0.0,0
484,0.31313131313131315,0.0,1
943,0.10101010101010102,0.0,0
373,0.38383838383838387,0.0062953995157385,0
1323,0.98989898989899,0.03680387409200969,0
888,0.2828282828282828,0.0,0
2500,0.16161616161616163,0.0,0
1797,0.08080808080808081,0.0,0
1854,0.7171717171717172,0.10217917675544795,0
896,0.6262626262626264,0.0,0
479,0.2828282828282828,0.0,0
2033,0.2976929292929293,0.0,0
176,0.2976929292929293,0.009685230024213077,0
2332,0.12121212121212123,0.4401937046004843,0
516,0.18181818181818182,0.0,0
2078,0.04040404040404041,0.0,0
1640,0.8585858585858587,0.0014527845036319614,0
1563,0.5454545454545456,0.0,0
2323,0.24242424242424243,0.1268765133171913,0
2113,0.16161616161616163,0.0,0
195,0.2976929292929293,0.0,0
1976,0.0202020202020202,0.0,0
1315,0.09090909090909093,0.0,0
1592,0.15151515151515152,0.0,0
1962,0.18181818181818182,0.0,0
2002,0.43434343434343436,0.0,0
362,0.010101010101010102,0.0,0
1268,0.8181818181818182,0.0,0
418,0.43434343434343436,0.0,0
1291,0.7272727272727273,0.0038740920096852305,0
109,0.30303030303030304,0.0,1
399,0.40404040404040403,0.0,0
1906,0.12121212121212123,0.0,0
825,0.32323232323232326,0.0,0
80,0.09090909090909093,0.0,0
699,0.0202020202020202,0.0,0
9,0.07070707070707072,0.0,0
1810,0.1717171717171717,0.0,0
659,0.010101010101010102,0.0,0
2300,0.5656565656565656,0.0024213075060532693,0
1601,0.09090909090909093,0.0,0
1214,0.27272727272727276,0.007263922518159807,0
1396,0.23232323232323232,0.0,0
1267,0.7474747474747475,0.0038740920096852305,1
1678,0.24242424242424243,0.0,0
534,0.8585858585858587,0.011138014527845038,0
2327,0.40404040404040403,0.24600484261501213,0
1136,0.595959595959596,0.0,0
1225,0.10101010101010102,0.0,1
1444,0.42424242424242425,0.03922518159806296,0
643,0.3434343434343434,0.017433414043583537,0
806,0.010101010101010102,0.0,0
1149,0.09090909090909093,0.13026634382566588,0
164,0.24242424242424243,0.0,0
2298,0.4545454545454546,0.06004842615012107,0
510,0.1414141414141414,0.0,0
507,0.22222222222222224,0.0014527845036319614,0
876,0.010101010101010102,0.0,0
754,0.22222222222222224,0.1070217917675545,0
743,0.48484848484848486,0.0,0
932,0.0202020202020202,0.0,1
1478,0.050505050505050504,0.008716707021791769,0
2472,0.060606060606060615,0.0014527845036319614,0
1544,0.5252525252525254,0.06537530266343827,0
1359,0.48484848484848486,0.017433414043583537,0
2279,0.5353535353535355,0.0,0
636,0.010101010101010102,0.0,0
592,0.1414141414141414,0.0,0
1562,0.18181818181818182,0.0,0
2144,0.22222222222222224,0.0,0
92,0.010101010101010102,0.0,0
688,0.060606060606060615,0.05181598062953996,0
793,0.21212121212121213,0.0,0
436,0.5555555555555557,0.0,0
1552,0.23232323232323232,0.0,0
1368,0.24242424242424243,0.19322033898305088,0
90,0.2976929292929293,0.0,0
900,0.5757575757575758,0.0,0
1502,0.10101010101010102,0.0,0
1350,0.050505050505050504,0.0,0
62,0.23232323232323232,0.0,0
1081,0.11111111111111112,0.0,0
1576,0.25252525252525254,0.0,0
751,0.08080808080808081,0.0,0
1316,0.10101010101010102,0.0,1
1653,0.7070707070707071,0.0,0
2446,0.5050505050505052,0.0,0
1486,0.060606060606060615,0.0,0
387,0.030303030303030304,0.020823244552058112,0
425,0.30303030303030304,0.0,0
1045,0.6161616161616162,0.07748184019370462,0
1828,0.38383838383838387,0.0062953995157385,0
2280,0.25252525252525254,0.0,0
2067,1.0,0.15496368038740924,0
2059,0.5151515151515152,0.0,1
2513,0.15151515151515152,0.0,0
705,0.10101010101010102,0.0,0
1307,0.8585858585858587,0.0,0
1814,0.40404040404040403,0.024697336561743343,0
1232,0.13131313131313133,0.0,0
930,0.2976929292929293,0.0,1
1952,0.07070707070707072,0.0,1
1138,0.26262626262626265,0.0,0
122,0.5757575757575758,0.0,1
1872,0.030303030303030304,0.0,0
2172,0.47474747474747475,0.0,0
2098,0.060606060606060615,0.0,0
333,0.010101010101010102,0.0,0
52,0.5656565656565656,0.03583535108958838,0
661,0.04040404040404041,0.0,0
1175,0.33333333333333337,0.0024213075060532693,0
41,0.5555555555555557,0.0,0
812,0.050505050505050504,0.0,0
1954,0.18181818181818182,0.0,1
1575,0.04040404040404041,0.0,0
2124,0.4545454545454546,0.6382566585956417,0
1857,0.050505050505050504,0.008716707021791769,0
1758,0.7575757575757577,0.0,0
1339,0.0202020202020202,0.0,0
773,0.1717171717171717,0.049394673123486686,0
2386,0.22222222222222224,0.0,0
2370,0.09090909090909093,0.014527845036319613,0
2239,0.4444444444444445,0.0,0
681,0.12121212121212123,0.033414043583535114,0
1585,0.47474747474747475,0.0,0
1566,0.15151515151515152,0.0,0
1124,0.7070707070707071,0.0,0
786,0.11111111111111112,0.0038740920096852305,0
2250,0.22222222222222224,0.0,0
219,0.393939393939394,0.0,0
2442,0.16161616161616163,0.0,0
829,0.22222222222222224,0.0,0
2464,0.04040404040404041,0.07360774818401938,0
2093,0.09090909090909093,0.0014527845036319614,0
1967,0.5050505050505052,0.059079903147699765,0
2182,0.9797979797979799,0.004842615012106539,0
377,0.20202020202020202,0.0,0
291,0.31313131313131315,0.0,0
2262,0.050505050505050504,0.0,0
174,0.1717171717171717,0.0038740920096852305,0
560,0.48484848484848486,0.0,0
570,0.1414141414141414,0.0014527845036319614,1
810,0.6363636363636365,0.1907990314769976,0
2187,0.030303030303030304,0.0,0
1958,0.25252525252525254,0.041646489104116224,0
2465,0.5555555555555557,0.0,0
345,0.08080808080808081,0.0,0
2145,0.060606060606060615,0.09491525423728815,0
2212,0.8787878787878789,0.047941888619854725,0
153,0.0202020202020202,0.0,0
2435,0.6868686868686869,0.0,0
2228,0.1717171717171717,0.011138014527845038,0
1955,0.20202020202020202,0.0,0
1638,0.6868686868686869,0.0,0
2082,0.6060606060606061,0.004842615012106539,0
1322,0.8585858585858587,0.03196125907990315,0
4,0.2976929292929293,0.028087167070217918,0
987,0.0,0.0,0
23,0.21212121212121213,0.0,0
2352,0.24242424242424243,0.0,0
736,0.43434343434343436,0.0,0
298,0.7575757575757577,0.0,0
2434,0.11111111111111112,0.0,0
49,0.5252525252525254,0.013559322033898308,0
946,0.30303030303030304,0.0,1
1297,0.08080808080808081,0.0,0
467,0.08080808080808081,0.0,0
780,0.07070707070707072,0.0,0
1763,0.11111111111111112,0.0,0
2281,0.050505050505050504,0.0,0
1775,0.43434343434343436,0.06295399515738499,0
620,0.2976929292929293,0.0,0
839,0.6767676767676769,0.28668280871670704,0
27,0.22222222222222224,0.0,0
1348,0.8282828282828283,0.06537530266343827,0
1241,0.6161616161616162,1.0,0
1357,0.0202020202020202,0.0,1
1311,0.1414141414141414,0.009685230024213077,0
2131,0.04040404040404041,0.0,0
175,0.010101010101010102,0.004842615012106539,0
2083,0.46464646464646464,0.0,0
1395,0.04040404040404041,0.0,0
989,0.19191919191919193,0.0,0
567,0.4545454545454546,0.0,0
2484,0.23232323232323232,0.0,0
2227,0.2976929292929293,0.06004842615012107,0
802,0.5757575757575758,0.004842615012106539,0
1190,0.1414141414141414,0.0,0
1392,0.030303030303030304,0.0,0
1487,0.030303030303030304,0.0,0
1255,0.22222222222222224,0.009685230024213077,0
2001,0.13131313131313133,0.0,1
1811,0.010101010101010102,0.0,0
849,0.09090909090909093,0.0038740920096852305,0
2234,0.050505050505050504,0.0,0
1716,0.8888888888888891,0.0,0
285,0.3434343434343434,0.4968523002421308,0
2382,0.31313131313131315,0.0,0
1078,0.16161616161616163,0.011138014527845038,0
1141,0.23232323232323232,0.029539951573849883,0
2244,0.050505050505050504,0.0,0
1197,0.47474747474747475,0.0,0
123,0.5454545454545456,0.0,1
1974,0.1414141414141414,0.0,0
1793,0.07070707070707072,0.0,0
1823,0.2976929292929293,0.0,0
955,0.08080808080808081,0.0,1
10,0.10101010101010102,0.0014527845036319614,0
729,0.04040404040404041,0.0,0
541,0.4444444444444445,0.0024213075060532693,0
1263,0.6464646464646466,0.008716707021791769,0
548,0.8383838383838385,0.0,0
1186,0.1414141414141414,0.0,0
1419,0.7171717171717172,0.0,0
832,0.030303030303030304,0.0,0
782,0.18181818181818182,0.0,0
2119,0.11111111111111112,0.0,0
2359,0.47474747474747475,0.0,0
2276,0.04040404040404041,0.0,0
1465,0.29292929292929293,0.0038740920096852305,0
1247,0.030303030303030304,0.0,0
1184,0.10101010101010102,0.0014527845036319614,0
168,0.15151515151515152,0.08958837772397096,0
959,0.07070707070707072,0.0,1
100,0.1414141414141414,0.0,1
663,0.07070707070707072,0.0,0
697,0.32323232323232326,0.0,0
2162,0.42424242424242425,0.0,0
974,0.3434343434343434,0.03438256658595642,0
723,0.0202020202020202,0.0,0
1687,0.6464646464646466,0.0,0
1679,0.29292929292929293,0.0,0
1238,0.6565656565656567,0.6556900726392252,0
2142,0.060606060606060615,0.0,0
595,0.33333333333333337,0.0,1
338,0.36363636363636365,0.09346246973365618,0
1393,0.11111111111111112,0.0,0
1589,0.18181818181818182,0.0,0
1170,0.7272727272727273,0.015980629539951576,0
2379,0.29292929292929293,0.012106537530266345,0
426,0.8686868686868687,0.023244552058111382,0
144,0.2976929292929293,0.0,0
1151,0.1414141414141414,0.0,0
1614,0.060606060606060615,0.151089588377724,0
1024,0.7474747474747475,0.0711864406779661,0
760,0.48484848484848486,0.0038740920096852305,0
1056,0.20202020202020202,0.0,0
1219,0.1414141414141414,0.0,0
79,0.1717171717171717,0.0,0
469,0.2976929292929293,0.0,0
490,0.3434343434343434,0.0062953995157385,0
1733,0.5757575757575758,0.11089588377723972,0
1470,0.30303030303030304,0.0,0
331,0.010101010101010102,0.0,0
1040,0.6868686868686869,0.0024213075060532693,0
1987,0.5252525252525254,0.100726392251816,0
360,0.6767676767676769,0.10556900726392254,0
1417,0.15151515151515152,0.0014527845036319614,0
2076,0.08080808080808081,0.0,0
2229,0.10101010101010102,0.0,0
1063,0.19191919191919193,0.0014527845036319614,0
1115,0.7979797979797981,0.0,0
170,0.494949494949495,0.0014527845036319614,0
272,0.5454545454545456,0.0,0
858,0.010101010101010102,0.0,0
1099,0.37373737373737376,0.015980629539951576,0
2058,0.8383838383838385,0.276997578692494,0
324,0.09090909090909093,0.0,0
419,0.30303030303030304,0.0,0
1163,0.18181818181818182,0.0,0
1858,0.030303030303030304,0.0,0
1705,0.010101010101010102,0.0,0
1889,0.4444444444444445,0.0,0
56,0.20202020202020202,0.18595641646489106,0
1970,0.5757575757575758,0.15399515738498792,0
2454,0.11111111111111112,0.007263922518159807,0
1691,0.8181818181818182,0.024697336561743343,0
107,0.6060606060606061,0.041646489104116224,0
1900,0.11111111111111112,0.0014527845036319614,0
536,0.9191919191919193,0.007263922518159807,0
236,0.36363636363636365,0.024697336561743343,1
1735,0.010101010101010102,0.11815980629539953,0
1522,0.494949494949495,0.004842615012106539,0
1930,0.20202020202020202,0.0,0
1918,0.08080808080808081,0.0,0
337,0.26262626262626265,0.0,0
2475,0.1717171717171717,0.0,0
269,0.13131313131313133,0.0,0
984,0.30303030303030304,0.018401937046004846,0
461,0.5757575757575758,0.0,1
74,0.35353535353535354,0.18595641646489106,0
59,0.2828282828282828,0.0,0
404,0.12121212121212123,0.0,0
1310,0.40404040404040403,0.0,0
492,0.060606060606060615,0.0,0
571,0.15151515151515152,0.0,1
1192,0.2828282828282828,0.0,0
2519,0.19191919191919193,0.0,0
1605,0.37373737373737376,0.0,0
1431,0.010101010101010102,0.0,0
739,0.04040404040404041,0.0,0
2242,0.494949494949495,0.0014527845036319614,0
11,0.38383838383838387,0.020823244552058112,0
1787,0.030303030303030304,0.0,0
1939,0.47474747474747475,0.0,0
1816,0.4545454545454546,0.0,0
227,0.6767676767676769,0.05181598062953996,0
2427,0.19191919191919193,0.0,0
2453,0.0202020202020202,0.0,0
26,0.21212121212121213,0.0,0
159,0.2976929292929293,0.0,0
1887,0.4545454545454546,0.008716707021791769,0
527,0.26262626262626265,0.0,0
1288,0.35353535353535354,0.0,0
2437,0.47474747474747475,0.0,0
242,0.09090909090909093,0.0,0
727,0.010101010101010102,0.0,0
2460,0.23232323232323232,0.0,0
2207,0.29292929292929293,0.004842615012106539,0
1025,0.4545454545454546,0.05520581113801453,0
1101,0.9494949494949495,0.0038740920096852305,0
877,0.36363636363636365,0.09491525423728815,0
470,0.030303030303030304,0.0,0
1403,0.23232323232323232,0.0,0
1421,0.24242424242424243,0.0,0
71,0.26262626262626265,0.017433414043583537,0
2399,0.5353535353535355,0.12058111380145281,0
1993,0.7171717171717172,0.04309927360774819,0
2057,0.5252525252525254,0.09830508474576272,0
505,0.29292929292929293,0.0,0
2266,0.08080808080808081,0.0,0
2197,0.7373737373737375,0.008716707021791769,0
211,0.08080808080808081,0.024697336561743343,0
2449,0.9191919191919193,0.0,0
1071,0.15151515151515152,0.0,0
2097,0.09090909090909093,0.0,0
619,0.010101010101010102,0.0,1
1053,0.1414141414141414,0.0,0
1377,0.1414141414141414,0.0,0
2397,0.30303030303030304,0.0,1
1503,0.10101010101010102,0.0,0
1835,0.0202020202020202,0.0,0
2223,0.5454545454545456,0.0038740920096852305,0
2219,0.26262626262626265,0.0,0
513,0.2976929292929293,0.0,0
1506,0.21212121212121213,0.0,0
1948,0.5252525252525254,0.0,0
1262,0.4444444444444445,0.0024213075060532693,0
354,0.5353535353535355,0.0,0
1172,0.5757575757575758,0.0,0
2283,0.43434343434343436,0.05520581113801453,0
1972,0.1414141414141414,0.0,0
1878,0.5454545454545456,0.0,0
2333,0.13131313131313133,0.0024213075060532693,0
487,0.2976929292929293,0.0,1
2503,0.5656565656565656,0.0,0
2443,0.060606060606060615,0.0014527845036319614,0
894,0.6767676767676769,0.0,0
801,0.5555555555555557,0.0,0
363,0.3434343434343434,0.0,0
1125,0.5252525252525254,0.011138014527845038,0
1935,0.494949494949495,0.0,0
551,0.9090909090909093,0.09491525423728815,0
2186,0.30303030303030304,0.0,0
1712,0.010101010101010102,0.0,0
2041,0.47474747474747475,0.050363196125908,0
864,0.0202020202020202,0.0,0
165,0.7070707070707071,0.0,0
526,0.8383838383838385,0.0024213075060532693,0
1261,0.6666666666666669,0.08474576271186442,0
1010,0.29292929292929293,0.0,1
2521,0.08080808080808081,0.0,0
2139,0.10101010101010102,0.0,0
1880,0.2976929292929293,0.08716707021791768,0
284,0.0202020202020202,0.04067796610169492,0
1087,0.10101010101010102,0.0,0
365,0.1414141414141414,0.0,0
1665,0.7878787878787881,0.09975786924939468,0
1495,0.12121212121212123,0.0,0
1539,0.050505050505050504,0.0,0
430,0.48484848484848486,0.008716707021791769,0
1645,0.3434343434343434,0.0,0
969,0.6565656565656567,0.03922518159806296,0
1947,0.30303030303030304,0.0,1
1533,0.11111111111111112,0.0,0
496,0.31313131313131315,0.0062953995157385,0
220,0.2976929292929293,0.018401937046004846,0
1869,0.04040404040404041,0.0,0
1776,0.2976929292929293,0.04697336561743342,0
709,0.030303030303030304,0.0,0
869,0.010101010101010102,0.0,1
2401,0.46464646464646464,0.1438256658595642,0
1978,0.11111111111111112,0.0,0
1308,0.8585858585858587,0.0,0
873,0.7171717171717172,0.03825665859564165,0
2316,0.24242424242424243,0.014527845036319613,0
539,0.33333333333333337,0.0,0
690,0.050505050505050504,0.13171912832929786,0
1659,0.36363636363636365,0.0,0
2458,0.12121212121212123,0.0,0
335,0.1414141414141414,0.050363196125908,0
432,0.20202020202020202,0.0,0
1686,0.07070707070707072,0.0024213075060532693,0
202,0.7878787878787881,0.0,0
1836,0.030303030303030304,0.0,0
789,0.12121212121212123,0.0,0
1254,0.27272727272727276,0.0,0
818,0.6868686868686869,0.0,0
1702,0.5252525252525254,0.4121065375302664,0
957,0.10101010101010102,0.0,0
1265,0.38383838383838387,0.13898305084745766,0
1709,0.6060606060606061,0.0,0
1799,0.2976929292929293,0.0,0
770,0.18181818181818182,0.10944309927360775,0
2419,0.10101010101010102,0.0,0
1903,0.050505050505050504,0.0,0
232,0.16161616161616163,0.0,1
662,0.010101010101010102,0.0,0
1944,0.36363636363636365,0.0,0
2158,0.3434343434343434,0.0,0
341,0.0,0.0,0
908,0.1717171717171717,0.0,0
1367,0.22222222222222224,0.25230024213075064,0
1545,0.6868686868686869,0.4009685230024213,0
1070,0.030303030303030304,0.0,0
2065,0.5757575757575758,0.0,0
1966,0.3434343434343434,0.0038740920096852305,0
82,0.2976929292929293,0.0,0
1088,0.030303030303030304,0.0,0
677,0.010101010101010102,0.0,0
2027,0.2976929292929293,0.0024213075060532693,0
2101,0.5050505050505052,0.07602905569007265,0
1767,0.04040404040404041,0.0024213075060532693,0
2031,0.36363636363636365,0.05520581113801453,0
1992,0.6767676767676769,0.0014527845036319614,0
1139,0.26262626262626265,0.007263922518159807,0
2378,0.2976929292929293,0.0,0
1555,0.08080808080808081,0.0,0
378,0.07070707070707072,0.0,0
768,0.04040404040404041,0.0,0
238,0.6161616161616162,0.0,0
1508,0.3434343434343434,0.0,0
1062,0.16161616161616163,0.0014527845036319614,0
1494,0.22222222222222224,0.0,0
1953,0.11111111111111112,0.0,1
703,0.16161616161616163,0.0,0
2317,0.09090909090909093,0.0,0
2502,0.40404040404040403,0.028087167070217918,0
2326,0.494949494949495,0.03196125907990315,0
2501,0.19191919191919193,0.009685230024213077,0
1398,0.04040404040404041,0.0,0
919,0.1717171717171717,0.0,1
2479,0.08080808080808081,0.0,0
844,0.43434343434343436,0.0,0
1475,0.07070707070707072,0.0,0
1507,0.6565656565656567,0.13026634382566588,0
1873,0.13131313131313133,0.0,0
506,0.32323232323232326,0.029539951573849883,0
217,0.11111111111111112,0.0,0
389,0.060606060606060615,0.023244552058111382,0
1734,0.6161616161616162,0.0,0
762,0.18181818181818182,0.0,0
1406,0.2976929292929293,0.0,0
329,0.04040404040404041,0.0,0
2105,0.1717171717171717,0.0,0
1277,0.6060606060606061,0.0,0
22,0.31313131313131315,0.0,0
2489,0.7373737373737375,0.4145278450363197,0
34,0.32323232323232326,0.0,0
821,0.10101010101010102,0.0,0
1861,0.26262626262626265,0.0,0
1438,0.19191919191919193,0.008716707021791769,0
1699,0.9191919191919193,0.024697336561743343,0
287,0.8282828282828283,0.004842615012106539,0
2486,0.11111111111111112,0.0,0
532,0.7878787878787881,0.1142857142857143,0
2512,0.11111111111111112,0.0,0
1819,0.060606060606060615,0.0,0
1161,0.25252525252525254,0.0,0
1988,0.8383838383838385,0.013559322033898308,0
2040,0.5858585858585859,0.0,0
1656,0.4545454545454546,0.0,0
1030,0.09090909090909093,0.0,0
6,0.8383838383838385,0.008716707021791769,0
581,0.20202020202020202,0.0,0
1104,0.050505050505050504,0.0,0
904,0.40404040404040403,0.0,0
1211,0.060606060606060615,0.0,1
2080,0.27272727272727276,0.0,1
1439,0.43434343434343436,0.0,0
1684,0.050505050505050504,0.0,0
1558,0.18181818181818182,0.0,0
181,0.6666666666666669,0.0,0
214,0.7474747474747475,0.0,0
2222,0.393939393939394,0.059079903147699765,0
1146,0.07070707070707072,0.0,0
358,0.20202020202020202,0.0,0
416,0.2828282828282828,0.0,0
872,0.2828282828282828,0.018401937046004846,0
2238,0.050505050505050504,0.0,0
1602,0.15151515151515152,0.0,0
596,0.7676767676767678,0.033414043583535114,0
2292,0.04040404040404041,0.0,0
1355,0.050505050505050504,0.0,0
2363,0.16161616161616163,0.0,0
60,0.16161616161616163,0.0,0
788,0.09090909090909093,0.0,0
889,0.19191919191919193,0.0,0
1118,0.0202020202020202,0.0,0
1454,0.10101010101010102,0.0,0
288,0.696969696969697,0.0,0
2436,0.2976929292929293,0.0,0
8,0.5050505050505052,0.0,0
1749,0.010101010101010102,0.0,0
1825,0.1414141414141414,0.0,0
713,0.5555555555555557,0.0,0
964,0.09090909090909093,0.0,1
2450,0.48484848484848486,0.0,0
2160,0.10101010101010102,0.0,0
2328,0.6363636363636365,0.0,0
936,0.09090909090909093,0.0,0
455,0.29292929292929293,0.0,0
538,0.47474747474747475,0.0,0
874,0.4444444444444445,0.0,0
268,0.060606060606060615,0.0,1
1314,0.4545454545454546,0.0,0
765,0.26262626262626265,0.0,0
545,0.2976929292929293,0.0,0
1551,0.15151515151515152,0.0,0
1258,0.08080808080808081,0.0,0
413,0.050505050505050504,0.0,0
2235,0.010101010101010102,0.0,0
2304,0.050505050505050504,0.0024213075060532693,0
400,0.1717171717171717,0.0,0
1546,0.030303030303030304,0.0,0
93,0.11111111111111112,0.0,0
1524,0.15151515151515152,0.0,0
1007,0.42424242424242425,0.0440677966101695,0
2023,0.1414141414141414,0.008716707021791769,1
126,0.1717171717171717,0.0,1
1140,0.09090909090909093,0.0,0
920,0.42424242424242425,0.0,0
2406,0.30303030303030304,0.0,0
443,0.24242424242424243,0.0,0
2245,0.07070707070707072,0.0,0
1054,0.3434343434343434,0.0014527845036319614,0
225,0.40404040404040403,0.0,0
1649,0.7676767676767678,0.0,1
1647,0.24242424242424243,0.0,0
434,0.0202020202020202,0.0,0
508,0.8686868686868687,0.04697336561743342,0
32,0.6868686868686869,0.03922518159806296,0
2086,0.6565656565656567,0.0038740920096852305,0
2072,0.43434343434343436,0.004842615012106539,0
2077,0.10101010101010102,0.0,0
199,0.33333333333333337,0.0,0
1229,0.2976929292929293,0.0,0
180,0.6262626262626264,0.0,0
1282,0.21212121212121213,0.0024213075060532693,0
2046,0.9090909090909093,0.151089588377724,0
264,0.0202020202020202,0.0,0
2174,0.1717171717171717,0.0014527845036319614,0
2195,0.13131313131313133,0.0,0
719,0.2976929292929293,0.0,0
295,0.4444444444444445,0.0,0
794,0.050505050505050504,0.0024213075060532693,0
2261,0.5151515151515152,0.0,0
660,0.19191919191919193,0.0,0
1914,0.4545454545454546,0.0,0
1607,0.5151515151515152,0.03922518159806296,0
495,0.21212121212121213,0.0,0
105,0.33333333333333337,0.0,0
1650,0.5454545454545456,0.0038740920096852305,0
745,0.47474747474747475,0.0,0
922,0.393939393939394,0.0,1
1520,0.29292929292929293,0.0,0
2418,0.22222222222222224,0.0,0
1326,0.6767676767676769,0.2213075060532688,0
669,0.15151515151515152,0.0,0
915,0.2976929292929293,0.0,0
1425,0.6767676767676769,0.0,0
231,0.33333333333333337,0.013559322033898308,0
1474,0.36363636363636365,0.0,0
1221,0.19191919191919193,0.0,0
1989,0.8484848484848485,0.030992736077481844,0
1100,0.050505050505050504,0.06537530266343827,0
2251,0.7979797979797981,0.0,0
1321,0.5555555555555557,0.008716707021791769,0
1888,0.696969696969697,0.020823244552058112,0
1922,0.27272727272727276,0.0,0
2173,0.38383838383838387,0.0,0
687,0.08080808080808081,0.0,0
2380,0.32323232323232326,0.0,0
607,0.11111111111111112,0.0,1
1784,0.18181818181818182,0.31622276029055696,0
808,0.7878787878787881,0.018401937046004846,0
540,0.2976929292929293,0.0,0
2043,0.8181818181818182,0.0,0
1301,0.6363636363636365,0.0062953995157385,0
89,0.11111111111111112,0.008716707021791769,0
113,0.1414141414141414,0.0,0
2494,0.7171717171717172,0.3801452784503632,0
1235,0.13131313131313133,0.0,0
2137,0.010101010101010102,0.0,0
191,0.2976929292929293,0.0,0
2247,0.11111111111111112,0.0,0
2507,0.8787878787878789,0.0024213075060532693,0
1498,0.4444444444444445,0.0,0
2444,0.36363636363636365,0.0,0
248,0.7676767676767678,0.591767554479419,0
1760,0.08080808080808081,0.0,0
70,0.2976929292929293,0.0014527845036319614,0
158,0.050505050505050504,0.0,0
1557,0.4444444444444445,0.0,0
2159,0.27272727272727276,0.06537530266343827,0
1755,0.2976929292929293,0.0,0
880,0.010101010101010102,0.0,0
1871,0.6161616161616162,0.0,0
1271,0.0202020202020202,0.0,0
1243,0.8787878787878789,0.0,0
1257,0.09090909090909093,0.0,0
1759,0.13131313131313133,0.0,0
771,0.10101010101010102,0.0,0
1312,0.46464646464646464,0.0,0
672,0.030303030303030304,0.0,0
366,0.48484848484848486,0.008716707021791769,0
859,0.07070707070707072,0.0,1
514,0.2976929292929293,0.0,0
1550,0.2828282828282828,0.0,0
1248,0.4444444444444445,0.16125907990314772,1
1517,0.595959595959596,0.0,0
2018,0.47474747474747475,0.0,0
1794,0.0202020202020202,0.0,0
851,0.24242424242424243,0.0,0
2285,0.010101010101010102,0.0,0
1662,0.23232323232323232,0.0,0
1128,0.0202020202020202,0.0,0
2423,0.0202020202020202,0.0,0
845,0.36363636363636365,0.0,0
2010,0.38383838383838387,0.0,0
1427,0.35353535353535354,0.2053268765133172,0
2270,0.5858585858585859,0.018401937046004846,0
549,0.46464646464646464,0.0038740920096852305,0
1105,0.04040404040404041,0.0,0
361,0.47474747474747475,0.0062953995157385,0
892,0.0202020202020202,0.0,0
445,0.37373737373737376,0.0,0
1086,0.050505050505050504,0.0,0
1061,0.09090909090909093,0.0,0
1666,0.6767676767676769,0.004842615012106539,0
480,0.050505050505050504,0.0,0
640,0.010101010101010102,0.0,1
625,0.0,0.0,0
14,0.35353535353535354,0.0,0
2213,0.060606060606060615,0.0,0
1543,0.4444444444444445,0.0,0
2461,0.30303030303030304,0.0,0
2383,0.1414141414141414,0.0,0
1626,0.8989898989898991,0.013559322033898308,0
464,0.29292929292929293,0.0,0
1168,0.19191919191919193,0.2731234866828087,0
405,0.010101010101010102,0.0,0
1437,0.0202020202020202,0.0,0
2345,0.8383838383838385,0.15496368038740924,0
629,0.1717171717171717,0.0,0
609,0.42424242424242425,0.0,0
2073,0.6464646464646466,0.0,0
133,0.07070707070707072,0.0,0
1,0.47474747474747475,0.0,0
293,0.22222222222222224,0.0,0
886,0.2976929292929293,0.0024213075060532693,0
1875,0.33333333333333337,0.0062953995157385,0
1879,0.696969696969697,0.0,1
583,0.04040404040404041,0.0,0
881,0.1717171717171717,0.0024213075060532693,0
330,0.0202020202020202,0.0,0
2009,0.22222222222222224,0.0,0
53,0.13131313131313133,0.0,0
1534,0.18181818181818182,0.0,0
913,0.11111111111111112,0.0,1
488,0.10101010101010102,0.0,0
1594,0.11111111111111112,0.0,0
1639,0.8484848484848485,0.664406779661017,0
1490,0.04040404040404041,0.0,0
2530,0.030303030303030304,0.0,0
1890,0.010101010101010102,0.0024213075060532693,0
1447,0.8787878787878789,0.0014527845036319614,0
544,0.9191919191919193,0.19903147699757873,0
149,0.1414141414141414,0.0,0
885,0.8080808080808083,0.14140435835351092,0
1242,0.7676767676767678,0.35932203389830514,0
1771,0.12121212121212123,0.0,0
494,0.18181818181818182,0.0,0
639,0.0,0.0,1
2191,0.37373737373737376,0.22372881355932206,0
1150,0.13131313131313133,0.0,0
2286,0.030303030303030304,0.0,0
924,0.010101010101010102,0.0,1
247,0.8080808080808083,0.22372881355932206,0
1013,0.6161616161616162,0.027118644067796616,0
1896,0.29292929292929293,0.0,0
1132,0.26262626262626265,0.0,0
2019,0.29292929292929293,0.0,0
604,0.42424242424242425,0.0,0
1956,0.22222222222222224,0.0024213075060532693,0
744,0.43434343434343436,0.10556900726392254,0
2263,0.5858585858585859,0.0,0
1530,0.10101010101010102,0.0,0
2462,0.47474747474747475,0.0,0
2216,0.11111111111111112,0.0,0
2185,0.29292929292929293,0.0,0
2268,0.16161616161616163,0.31622276029055696,0
1249,0.060606060606060615,0.0,1
1891,0.36363636363636365,0.0,0
454,0.030303030303030304,0.0,0
1651,0.46464646464646464,0.0,0
355,0.08080808080808081,0.0062953995157385,0
1305,0.6262626262626264,0.0,0
992,0.030303030303030304,0.0,0
757,0.23232323232323232,0.0,0
1160,0.30303030303030304,0.0,0
1325,1.0,0.13753026634382567,0
194,0.2976929292929293,0.0,0
1210,0.6161616161616162,0.0,0
665,0.010101010101010102,0.0,0
1877,0.18181818181818182,0.0,0
2373,0.2976929292929293,0.0,0
290,0.15151515151515152,0.0,0
1719,0.46464646464646464,0.05665859564164649,0
731,0.12121212121212123,0.0,0
1968,0.7070707070707071,0.041646489104116224,0
1795,0.12121212121212123,0.07602905569007265,0
1764,0.15151515151515152,0.0,0
322,0.010101010101010102,0.0,0
1564,0.5656565656565656,0.0,0
1231,0.1414141414141414,0.0,0
1093,0.47474747474747475,0.0,0
997,0.5555555555555557,0.10460048426150123,0
1218,0.11111111111111112,0.0,0
2360,0.5454545454545456,0.0,0
325,0.07070707070707072,0.0,0
612,0.050505050505050504,0.0,0
855,0.060606060606060615,0.0,0
1336,0.494949494949495,0.0,0
1365,0.5050505050505052,0.0,0
1635,0.6060606060606061,0.028087167070217918,0
259,0.494949494949495,0.0,0
622,0.08080808080808081,0.011138014527845038,0
441,0.060606060606060615,0.0,0
281,0.050505050505050504,0.0,1
407,0.7878787878787881,0.020823244552058112,0
442,0.22222222222222224,0.0,0
2140,0.1717171717171717,0.0,0
1434,0.050505050505050504,0.0,0
1675,0.27272727272727276,0.0,0
1731,0.26262626262626265,0.06295399515738499,0
2523,0.12121212121212123,0.03196125907990315,0
686,0.24242424242424243,0.0,0
1554,0.696969696969697,0.0,0
931,0.09090909090909093,0.1438256658595642,0
557,0.29292929292929293,0.0,1
1838,0.18181818181818182,0.0,0
1154,0.050505050505050504,0.0,0
197,0.5858585858585859,0.0,0
750,0.6666666666666669,0.0,0
1112,0.030303030303030304,0.0,0
17,0.050505050505050504,0.0,0
481,0.060606060606060615,0.0,0
575,0.5050505050505052,0.0,0
1230,0.5858585858585859,0.0,0
1783,0.16161616161616163,0.0,0
763,0.5656565656565656,0.0,0
1452,0.595959595959596,0.10217917675544795,0
135,0.32323232323232326,0.0,0
1521,0.2828282828282828,0.0,0
635,0.0,0.0,0
1514,0.1717171717171717,0.0014527845036319614,0
460,0.6262626262626264,0.0,0
1994,0.31313131313131315,0.0024213075060532693,0
552,0.07070707070707072,0.0,0
2451,0.09090909090909093,0.0014527845036319614,0
2457,0.1717171717171717,0.0,0
2482,0.11111111111111112,0.0,0
2056,0.20202020202020202,0.1278450363196126,0
77,0.2976929292929293,0.0062953995157385,0
2106,0.050505050505050504,0.0,0
424,0.38383838383838387,0.0,0
1401,0.16161616161616163,0.0,0
340,0.16161616161616163,0.0,0
1343,0.5555555555555557,0.011138014527845038,0
1388,0.23232323232323232,0.0,0
412,0.22222222222222224,0.0,0
1990,0.7777777777777779,0.0,0
88,0.0,0.0,0
998,0.9595959595959597,0.0062953995157385,0
819,0.26262626262626265,0.1438256658595642,0
323,0.010101010101010102,0.0,0
1996,0.41414141414141414,0.0,0
766,0.09090909090909093,0.0,0
321,0.030303030303030304,0.0,0
2108,0.030303030303030304,0.0,0
1510,0.0202020202020202,0.0,0
836,0.0202020202020202,0.0,0
979,0.060606060606060615,0.0,0
1443,0.13131313131313133,0.0,0
1792,0.04040404040404041,0.0,0
2344,0.8585858585858587,0.09249394673123487,0
271,0.696969696969697,0.15012106537530268,0
46,0.13131313131313133,0.1215496368038741,0
1110,0.33333333333333337,0.0,0
1133,0.24242424242424243,0.0,0
2408,0.5555555555555557,0.0024213075060532693,0
1669,0.8080808080808083,0.0,0
16,0.16161616161616163,0.0,0
2241,0.5454545454545456,0.16707021791767557,0
2505,0.2828282828282828,0.0024213075060532693,0
867,0.050505050505050504,0.0,0
1902,0.04040404040404041,0.0,0
438,0.4545454545454546,0.004842615012106539,0
2188,0.07070707070707072,0.0,0
1222,0.08080808080808081,0.0,0
2022,0.11111111111111112,0.0,0
1038,0.8888888888888891,0.06634382566585957,0
1111,0.4444444444444445,0.06004842615012107,0
2313,0.21212121212121213,0.0,0
262,0.04040404040404041,0.015980629539951576,0
1246,0.08080808080808081,0.0,0
755,0.6868686868686869,0.0,0
1931,0.15151515151515152,0.0,0
3,0.48484848484848486,0.100726392251816,0
1378,0.030303030303030304,0.0,0
1513,0.15151515151515152,0.0,0
139,0.393939393939394,0.0,1
342,0.04040404040404041,0.0,0
1969,0.24242424242424243,0.014527845036319613,0
2011,0.37373737373737376,0.0,0
1328,0.27272727272727276,0.05665859564164649,0
940,0.29292929292929293,0.0,1
2099,0.13131313131313133,0.0,1
1537,0.5353535353535355,0.0,0
530,0.3434343434343434,0.0,0
1329,0.595959595959596,0.041646489104116224,0
2004,0.3434343434343434,0.0,0
695,0.11111111111111112,0.03680387409200969,0
1381,0.08080808080808081,0.0,0
555,0.2976929292929293,0.11912832929782084,0
1153,0.8686868686868687,0.015980629539951576,0
1991,0.2976929292929293,0.06150121065375303,0
950,0.21212121212121213,0.0,1
359,0.32323232323232326,0.014527845036319613,0
255,0.38383838383838387,0.0,0
390,0.16161616161616163,0.0,0
371,0.2976929292929293,0.0,0
1389,0.26262626262626265,0.0,0
2206,0.07070707070707072,0.0,0
1789,0.11111111111111112,0.0,0
411,0.21212121212121213,0.0,0
146,0.7070707070707071,0.004842615012106539,0
1741,0.0202020202020202,0.0,0
1418,0.6161616161616162,0.08619854721549638,0
826,0.20202020202020202,0.0,0
1442,0.04040404040404041,0.0,0
843,0.5353535353535355,0.0,0
837,0.1717171717171717,0.0,0
106,0.8989898989898991,0.004842615012106539,0
1704,0.010101010101010102,0.0,0
588,0.47474747474747475,0.0,0
2017,0.09090909090909093,0.0,0
2338,0.1414141414141414,0.0,0
1435,0.08080808080808081,0.0,0
862,0.07070707070707072,0.0,0
213,0.2976929292929293,0.07263922518159807,0
1382,0.16161616161616163,0.0,0
2428,0.12121212121212123,0.0,1
99,0.11111111111111112,0.0,0
1897,0.35353535353535354,0.0,0
1159,0.1717171717171717,0.0,0
1981,0.5151515151515152,0.020823244552058112,0
1583,0.5353535353535355,0.0,0
2533,0.5353535353535355,0.0,0
39,0.1717171717171717,0.0,0
2388,0.494949494949495,0.0,0
2050,0.2976929292929293,0.014527845036319613,0
451,0.696969696969697,0.0,0
1847,0.20202020202020202,0.0,0
1092,0.47474747474747475,0.17578692493946732,0
2468,0.060606060606060615,0.0,0
1363,0.07070707070707072,0.0,0
111,0.13131313131313133,0.0,0
2272,0.07070707070707072,0.0,0
942,0.08080808080808081,0.0,0
1568,0.5858585858585859,0.0,0
73,0.2828282828282828,0.0,0
47,0.5353535353535355,0.0,0
2161,0.21212121212121213,0.0,0
96,0.38383838383838387,0.0,0
1761,0.18181818181818182,0.0,0
1593,0.050505050505050504,0.0,0
1147,0.09090909090909093,0.0,0
2154,0.04040404040404041,0.0,0
1766,0.04040404040404041,0.0,0
1122,0.35353535353535354,0.019854721549636804,0
1346,0.04040404040404041,0.06150121065375303,0
